id,kode_provinsi,nama_provinsi,kode_kabupaten_kota,nama_kabupaten_kota,tempat_kejadian,jumlah_kekerasan,satuan,tahun
1,32,JAWA BARAT,3201,KABUPATEN BOGOR,RUMAH TANGGA,3,KASUS,2018
2,32,JAWA BARAT,3201,KABUPATEN BOGOR,TEMPAT KERJA,0,KASUS,2018
3,32,JAWA BARAT,3201,KABUPATEN BOGOR,LAINNYA,2,KASUS,2018
4,32,JAWA BARAT,3201,KABUPATEN BOGOR,SEKOLAH,1,KASUS,2018
5,32,JAWA BARAT,3201,KABUPATEN BOGOR,FASILITAS UMUM,0,KASUS,2018
6,32,JAWA BARAT,3201,KABUPATEN BOGOR,LEMBAGA PENDIDIKAN KILAT,0,KASUS,2018
7,32,JAWA BARAT,3202,KABUPATEN SUKABUMI,RUMAH TANGGA,8,KASUS,2018
8,32,JAWA BARAT,3202,KABUPATEN SUKABUMI,TEMPAT KERJA,0,KASUS,2018
9,32,JAWA BARAT,3202,KABUPATEN SUKABUMI,LAINNYA,69,KASUS,2018
10,32,JAWA BARAT,3202,KABUPATEN SUKABUMI,SEKOLAH,0,KASUS,2018
11,32,JAWA BARAT,3202,KABUPATEN SUKABUMI,FASILITAS UMUM,0,KASUS,2018
12,32,JAWA BARAT,3202,KABUPATEN SUKABUMI,LEMBAGA PENDIDIKAN KILAT,0,KASUS,2018
13,32,JAWA BARAT,3203,KABUPATEN CIANJUR,RUMAH TANGGA,3,KASUS,2018
14,32,JAWA BARAT,3203,KABUPATEN CIANJUR,TEMPAT KERJA,0,KASUS,2018
15,32,JAWA BARAT,3203,KABUPATEN CIANJUR,LAINNYA,1,KASUS,2018
16,32,JAWA BARAT,3203,KABUPATEN CIANJUR,SEKOLAH,0,KASUS,2018
17,32,JAWA BARAT,3203,KABUPATEN CIANJUR,FASILITAS UMUM,0,KASUS,2018
18,32,JAWA BARAT,3203,KABUPATEN CIANJUR,LEMBAGA PENDIDIKAN KILAT,0,KASUS,2018
19,32,JAWA BARAT,3204,KABUPATEN BANDUNG,RUMAH TANGGA,21,KASUS,2018
20,32,JAWA BARAT,3204,KABUPATEN BANDUNG,TEMPAT KERJA,1,KASUS,2018
21,32,JAWA BARAT,3204,KABUPATEN BANDUNG,LAINNYA,7,KASUS,2018
22,32,JAWA BARAT,3204,KABUPATEN BANDUNG,SEKOLAH,7,KASUS,2018
23,32,JAWA BARAT,3204,KABUPATEN BANDUNG,FASILITAS UMUM,9,KASUS,2018
24,32,JAWA BARAT,3204,KABUPATEN BANDUNG,LEMBAGA PENDIDIKAN KILAT,0,KASUS,2018
25,32,JAWA BARAT,3205,KABUPATEN GARUT,RUMAH TANGGA,5,KASUS,2018
26,32,JAWA BARAT,3205,KABUPATEN GARUT,TEMPAT KERJA,0,KASUS,2018
27,32,JAWA BARAT,3205,KABUPATEN GARUT,LAINNYA,1,KASUS,2018
28,32,JAWA BARAT,3205,KABUPATEN GARUT,SEKOLAH,1,KASUS,2018
29,32,JAWA BARAT,3205,KABUPATEN GARUT,FASILITAS UMUM,1,KASUS,2018
30,32,JAWA BARAT,3205,KABUPATEN GARUT,LEMBAGA PENDIDIKAN KILAT,0,KASUS,2018
31,32,JAWA BARAT,3206,KABUPATEN TASIKMALAYA,RUMAH TANGGA,12,KASUS,2018
32,32,JAWA BARAT,3206,KABUPATEN TASIKMALAYA,TEMPAT KERJA,0,KASUS,2018
33,32,JAWA BARAT,3206,KABUPATEN TASIKMALAYA,LAINNYA,10,KASUS,2018
34,32,JAWA BARAT,3206,KABUPATEN TASIKMALAYA,SEKOLAH,2,KASUS,2018
35,32,JAWA BARAT,3206,KABUPATEN TASIKMALAYA,FASILITAS UMUM,19,KASUS,2018
36,32,JAWA BARAT,3206,KABUPATEN TASIKMALAYA,LEMBAGA PENDIDIKAN KILAT,0,KASUS,2018
37,32,JAWA BARAT,3207,KABUPATEN CIAMIS,RUMAH TANGGA,7,KASUS,2018
38,32,JAWA BARAT,3207,KABUPATEN CIAMIS,TEMPAT KERJA,0,KASUS,2018
39,32,JAWA BARAT,3207,KABUPATEN CIAMIS,LAINNYA,12,KASUS,2018
40,32,JAWA BARAT,3207,KABUPATEN CIAMIS,SEKOLAH,0,KASUS,2018
41,32,JAWA BARAT,3207,KABUPATEN CIAMIS,FASILITAS UMUM,0,KASUS,2018
42,32,JAWA BARAT,3207,KABUPATEN CIAMIS,LEMBAGA PENDIDIKAN KILAT,0,KASUS,2018
43,32,JAWA BARAT,3208,KABUPATEN KUNINGAN,RUMAH TANGGA,6,KASUS,2018
44,32,JAWA BARAT,3208,KABUPATEN KUNINGAN,TEMPAT KERJA,0,KASUS,2018
45,32,JAWA BARAT,3208,KABUPATEN KUNINGAN,LAINNYA,6,KASUS,2018
46,32,JAWA BARAT,3208,KABUPATEN KUNINGAN,SEKOLAH,6,KASUS,2018
47,32,JAWA BARAT,3208,KABUPATEN KUNINGAN,FASILITAS UMUM,0,KASUS,2018
48,32,JAWA BARAT,3208,KABUPATEN KUNINGAN,LEMBAGA PENDIDIKAN KILAT,0,KASUS,2018
49,32,JAWA BARAT,3209,KABUPATEN CIREBON,RUMAH TANGGA,17,KASUS,2018
50,32,JAWA BARAT,3209,KABUPATEN CIREBON,TEMPAT KERJA,1,KASUS,2018
51,32,JAWA BARAT,3209,KABUPATEN CIREBON,LAINNYA,1,KASUS,2018
52,32,JAWA BARAT,3209,KABUPATEN CIREBON,SEKOLAH,1,KASUS,2018
53,32,JAWA BARAT,3209,KABUPATEN CIREBON,FASILITAS UMUM,2,KASUS,2018
54,32,JAWA BARAT,3209,KABUPATEN CIREBON,LEMBAGA PENDIDIKAN KILAT,0,KASUS,2018
55,32,JAWA BARAT,3210,KABUPATEN MAJALENGKA,RUMAH TANGGA,7,KASUS,2018
56,32,JAWA BARAT,3210,KABUPATEN MAJALENGKA,TEMPAT KERJA,0,KASUS,2018
57,32,JAWA BARAT,3210,KABUPATEN MAJALENGKA,LAINNYA,4,KASUS,2018
58,32,JAWA BARAT,3210,KABUPATEN MAJALENGKA,SEKOLAH,3,KASUS,2018
59,32,JAWA BARAT,3210,KABUPATEN MAJALENGKA,FASILITAS UMUM,2,KASUS,2018
60,32,JAWA BARAT,3210,KABUPATEN MAJALENGKA,LEMBAGA PENDIDIKAN KILAT,0,KASUS,2018
61,32,JAWA BARAT,3211,KABUPATEN SUMEDANG,RUMAH TANGGA,10,KASUS,2018
62,32,JAWA BARAT,3211,KABUPATEN SUMEDANG,TEMPAT KERJA,0,KASUS,2018
63,32,JAWA BARAT,3211,KABUPATEN SUMEDANG,LAINNYA,16,KASUS,2018
64,32,JAWA BARAT,3211,KABUPATEN SUMEDANG,SEKOLAH,0,KASUS,2018
65,32,JAWA BARAT,3211,KABUPATEN SUMEDANG,FASILITAS UMUM,3,KASUS,2018
66,32,JAWA BARAT,3211,KABUPATEN SUMEDANG,LEMBAGA PENDIDIKAN KILAT,0,KASUS,2018
67,32,JAWA BARAT,3212,KABUPATEN INDRAMAYU,RUMAH TANGGA,7,KASUS,2018
68,32,JAWA BARAT,3212,KABUPATEN INDRAMAYU,TEMPAT KERJA,0,KASUS,2018
69,32,JAWA BARAT,3212,KABUPATEN INDRAMAYU,LAINNYA,2,KASUS,2018
70,32,JAWA BARAT,3212,KABUPATEN INDRAMAYU,SEKOLAH,1,KASUS,2018
71,32,JAWA BARAT,3212,KABUPATEN INDRAMAYU,FASILITAS UMUM,1,KASUS,2018
72,32,JAWA BARAT,3212,KABUPATEN INDRAMAYU,LEMBAGA PENDIDIKAN KILAT,0,KASUS,2018
73,32,JAWA BARAT,3213,KABUPATEN SUBANG,RUMAH TANGGA,28,KASUS,2018
74,32,JAWA BARAT,3213,KABUPATEN SUBANG,TEMPAT KERJA,0,KASUS,2018
75,32,JAWA BARAT,3213,KABUPATEN SUBANG,LAINNYA,11,KASUS,2018
76,32,JAWA BARAT,3213,KABUPATEN SUBANG,SEKOLAH,1,KASUS,2018
77,32,JAWA BARAT,3213,KABUPATEN SUBANG,FASILITAS UMUM,7,KASUS,2018
78,32,JAWA BARAT,3213,KABUPATEN SUBANG,LEMBAGA PENDIDIKAN KILAT,0,KASUS,2018
79,32,JAWA BARAT,3214,KABUPATEN PURWAKARTA,RUMAH TANGGA,10,KASUS,2018
80,32,JAWA BARAT,3214,KABUPATEN PURWAKARTA,TEMPAT KERJA,0,KASUS,2018
81,32,JAWA BARAT,3214,KABUPATEN PURWAKARTA,LAINNYA,5,KASUS,2018
82,32,JAWA BARAT,3214,KABUPATEN PURWAKARTA,SEKOLAH,2,KASUS,2018
83,32,JAWA BARAT,3214,KABUPATEN PURWAKARTA,FASILITAS UMUM,1,KASUS,2018
84,32,JAWA BARAT,3214,KABUPATEN PURWAKARTA,LEMBAGA PENDIDIKAN KILAT,0,KASUS,2018
85,32,JAWA BARAT,3215,KABUPATEN KARAWANG,RUMAH TANGGA,23,KASUS,2018
86,32,JAWA BARAT,3215,KABUPATEN KARAWANG,TEMPAT KERJA,0,KASUS,2018
87,32,JAWA BARAT,3215,KABUPATEN KARAWANG,LAINNYA,11,KASUS,2018
88,32,JAWA BARAT,3215,KABUPATEN KARAWANG,SEKOLAH,1,KASUS,2018
89,32,JAWA BARAT,3215,KABUPATEN KARAWANG,FASILITAS UMUM,1,KASUS,2018
90,32,JAWA BARAT,3215,KABUPATEN KARAWANG,LEMBAGA PENDIDIKAN KILAT,0,KASUS,2018
91,32,JAWA BARAT,3216,KABUPATEN BEKASI,RUMAH TANGGA,29,KASUS,2018
92,32,JAWA BARAT,3216,KABUPATEN BEKASI,TEMPAT KERJA,2,KASUS,2018
93,32,JAWA BARAT,3216,KABUPATEN BEKASI,LAINNYA,27,KASUS,2018
94,32,JAWA BARAT,3216,KABUPATEN BEKASI,SEKOLAH,0,KASUS,2018
95,32,JAWA BARAT,3216,KABUPATEN BEKASI,FASILITAS UMUM,7,KASUS,2018
96,32,JAWA BARAT,3216,KABUPATEN BEKASI,LEMBAGA PENDIDIKAN KILAT,0,KASUS,2018
97,32,JAWA BARAT,3217,KABUPATEN BANDUNG BARAT,RUMAH TANGGA,15,KASUS,2018
98,32,JAWA BARAT,3217,KABUPATEN BANDUNG BARAT,TEMPAT KERJA,0,KASUS,2018
99,32,JAWA BARAT,3217,KABUPATEN BANDUNG BARAT,LAINNYA,0,KASUS,2018
100,32,JAWA BARAT,3217,KABUPATEN BANDUNG BARAT,SEKOLAH,0,KASUS,2018
101,32,JAWA BARAT,3217,KABUPATEN BANDUNG BARAT,FASILITAS UMUM,1,KASUS,2018
102,32,JAWA BARAT,3217,KABUPATEN BANDUNG BARAT,LEMBAGA PENDIDIKAN KILAT,0,KASUS,2018
103,32,JAWA BARAT,3218,KABUPATEN PANGANDARAN,RUMAH TANGGA,2,KASUS,2018
104,32,JAWA BARAT,3218,KABUPATEN PANGANDARAN,TEMPAT KERJA,0,KASUS,2018
105,32,JAWA BARAT,3218,KABUPATEN PANGANDARAN,LAINNYA,5,KASUS,2018
106,32,JAWA BARAT,3218,KABUPATEN PANGANDARAN,SEKOLAH,0,KASUS,2018
107,32,JAWA BARAT,3218,KABUPATEN PANGANDARAN,FASILITAS UMUM,0,KASUS,2018
108,32,JAWA BARAT,3218,KABUPATEN PANGANDARAN,LEMBAGA PENDIDIKAN KILAT,0,KASUS,2018
109,32,JAWA BARAT,3271,KOTA BOGOR,RUMAH TANGGA,25,KASUS,2018
110,32,JAWA BARAT,3271,KOTA BOGOR,TEMPAT KERJA,1,KASUS,2018
111,32,JAWA BARAT,3271,KOTA BOGOR,LAINNYA,3,KASUS,2018
112,32,JAWA BARAT,3271,KOTA BOGOR,SEKOLAH,2,KASUS,2018
113,32,JAWA BARAT,3271,KOTA BOGOR,FASILITAS UMUM,6,KASUS,2018
114,32,JAWA BARAT,3271,KOTA BOGOR,LEMBAGA PENDIDIKAN KILAT,0,KASUS,2018
115,32,JAWA BARAT,3272,KOTA SUKABUMI,RUMAH TANGGA,12,KASUS,2018
116,32,JAWA BARAT,3272,KOTA SUKABUMI,TEMPAT KERJA,0,KASUS,2018
117,32,JAWA BARAT,3272,KOTA SUKABUMI,LAINNYA,17,KASUS,2018
118,32,JAWA BARAT,3272,KOTA SUKABUMI,SEKOLAH,0,KASUS,2018
119,32,JAWA BARAT,3272,KOTA SUKABUMI,FASILITAS UMUM,0,KASUS,2018
120,32,JAWA BARAT,3272,KOTA SUKABUMI,LEMBAGA PENDIDIKAN KILAT,0,KASUS,2018
121,32,JAWA BARAT,3273,KOTA BANDUNG,RUMAH TANGGA,51,KASUS,2018
122,32,JAWA BARAT,3273,KOTA BANDUNG,TEMPAT KERJA,0,KASUS,2018
123,32,JAWA BARAT,3273,KOTA BANDUNG,LAINNYA,12,KASUS,2018
124,32,JAWA BARAT,3273,KOTA BANDUNG,SEKOLAH,0,KASUS,2018
125,32,JAWA BARAT,3273,KOTA BANDUNG,FASILITAS UMUM,2,KASUS,2018
126,32,JAWA BARAT,3273,KOTA BANDUNG,LEMBAGA PENDIDIKAN KILAT,0,KASUS,2018
127,32,JAWA BARAT,3274,KOTA CIREBON,RUMAH TANGGA,13,KASUS,2018
128,32,JAWA BARAT,3274,KOTA CIREBON,TEMPAT KERJA,0,KASUS,2018
129,32,JAWA BARAT,3274,KOTA CIREBON,LAINNYA,2,KASUS,2018
130,32,JAWA BARAT,3274,KOTA CIREBON,SEKOLAH,1,KASUS,2018
131,32,JAWA BARAT,3274,KOTA CIREBON,FASILITAS UMUM,1,KASUS,2018
132,32,JAWA BARAT,3274,KOTA CIREBON,LEMBAGA PENDIDIKAN KILAT,0,KASUS,2018
133,32,JAWA BARAT,3275,KOTA BEKASI,RUMAH TANGGA,6,KASUS,2018
134,32,JAWA BARAT,3275,KOTA BEKASI,TEMPAT KERJA,0,KASUS,2018
135,32,JAWA BARAT,3275,KOTA BEKASI,LAINNYA,2,KASUS,2018
136,32,JAWA BARAT,3275,KOTA BEKASI,SEKOLAH,0,KASUS,2018
137,32,JAWA BARAT,3275,KOTA BEKASI,FASILITAS UMUM,0,KASUS,2018
138,32,JAWA BARAT,3275,KOTA BEKASI,LEMBAGA PENDIDIKAN KILAT,0,KASUS,2018
139,32,JAWA BARAT,3276,KOTA DEPOK,RUMAH TANGGA,40,KASUS,2018
140,32,JAWA BARAT,3276,KOTA DEPOK,TEMPAT KERJA,0,KASUS,2018
141,32,JAWA BARAT,3276,KOTA DEPOK,LAINNYA,55,KASUS,2018
142,32,JAWA BARAT,3276,KOTA DEPOK,SEKOLAH,5,KASUS,2018
143,32,JAWA BARAT,3276,KOTA DEPOK,FASILITAS UMUM,0,KASUS,2018
144,32,JAWA BARAT,3276,KOTA DEPOK,LEMBAGA PENDIDIKAN KILAT,0,KASUS,2018
145,32,JAWA BARAT,3277,KOTA CIMAHI,RUMAH TANGGA,9,KASUS,2018
146,32,JAWA BARAT,3277,KOTA CIMAHI,TEMPAT KERJA,0,KASUS,2018
147,32,JAWA BARAT,3277,KOTA CIMAHI,LAINNYA,2,KASUS,2018
148,32,JAWA BARAT,3277,KOTA CIMAHI,SEKOLAH,2,KASUS,2018
149,32,JAWA BARAT,3277,KOTA CIMAHI,FASILITAS UMUM,4,KASUS,2018
150,32,JAWA BARAT,3277,KOTA CIMAHI,LEMBAGA PENDIDIKAN KILAT,0,KASUS,2018
151,32,JAWA BARAT,3278,KOTA TASIKMALAYA,RUMAH TANGGA,5,KASUS,2018
152,32,JAWA BARAT,3278,KOTA TASIKMALAYA,TEMPAT KERJA,0,KASUS,2018
153,32,JAWA BARAT,3278,KOTA TASIKMALAYA,LAINNYA,2,KASUS,2018
154,32,JAWA BARAT,3278,KOTA TASIKMALAYA,SEKOLAH,3,KASUS,2018
155,32,JAWA BARAT,3278,KOTA TASIKMALAYA,FASILITAS UMUM,2,KASUS,2018
156,32,JAWA BARAT,3278,KOTA TASIKMALAYA,LEMBAGA PENDIDIKAN KILAT,0,KASUS,2018
157,32,JAWA BARAT,3279,KOTA BANJAR,RUMAH TANGGA,1,KASUS,2018
158,32,JAWA BARAT,3279,KOTA BANJAR,TEMPAT KERJA,0,KASUS,2018
159,32,JAWA BARAT,3279,KOTA BANJAR,LAINNYA,10,KASUS,2018
160,32,JAWA BARAT,3279,KOTA BANJAR,SEKOLAH,0,KASUS,2018
161,32,JAWA BARAT,3279,KOTA BANJAR,FASILITAS UMUM,1,KASUS,2018
162,32,JAWA BARAT,3279,KOTA BANJAR,LEMBAGA PENDIDIKAN KILAT,0,KASUS,2018
163,32,JAWA BARAT,3201,KABUPATEN BOGOR,RUMAH TANGGA,4,KASUS,2019
164,32,JAWA BARAT,3201,KABUPATEN BOGOR,TEMPAT KEJADIAN,1,KASUS,2019
165,32,JAWA BARAT,3201,KABUPATEN BOGOR,LAINNYA,4,KASUS,2019
166,32,JAWA BARAT,3201,KABUPATEN BOGOR,SEKOLAH,0,KASUS,2019
167,32,JAWA BARAT,3201,KABUPATEN BOGOR,FASILITAS UMUM,1,KASUS,2019
168,32,JAWA BARAT,3201,KABUPATEN BOGOR,LEMBAGA PENDIDIKAN KILAT,0,KASUS,2019
169,32,JAWA BARAT,3202,KABUPATEN SUKABUMI,RUMAH TANGGA,13,KASUS,2019
170,32,JAWA BARAT,3202,KABUPATEN SUKABUMI,TEMPAT KEJADIAN,0,KASUS,2019
171,32,JAWA BARAT,3202,KABUPATEN SUKABUMI,LAINNYA,107,KASUS,2019
172,32,JAWA BARAT,3202,KABUPATEN SUKABUMI,SEKOLAH,0,KASUS,2019
173,32,JAWA BARAT,3202,KABUPATEN SUKABUMI,FASILITAS UMUM,0,KASUS,2019
174,32,JAWA BARAT,3202,KABUPATEN SUKABUMI,LEMBAGA PENDIDIKAN KILAT,0,KASUS,2019
175,32,JAWA BARAT,3203,KABUPATEN CIANJUR,RUMAH TANGGA,1,KASUS,2019
176,32,JAWA BARAT,3203,KABUPATEN CIANJUR,TEMPAT KEJADIAN,1,KASUS,2019
177,32,JAWA BARAT,3203,KABUPATEN CIANJUR,LAINNYA,2,KASUS,2019
178,32,JAWA BARAT,3203,KABUPATEN CIANJUR,SEKOLAH,0,KASUS,2019
179,32,JAWA BARAT,3203,KABUPATEN CIANJUR,FASILITAS UMUM,0,KASUS,2019
180,32,JAWA BARAT,3203,KABUPATEN CIANJUR,LEMBAGA PENDIDIKAN KILAT,0,KASUS,2019
181,32,JAWA BARAT,3204,KABUPATEN BANDUNG,RUMAH TANGGA,36,KASUS,2019
182,32,JAWA BARAT,3204,KABUPATEN BANDUNG,TEMPAT KEJADIAN,1,KASUS,2019
183,32,JAWA BARAT,3204,KABUPATEN BANDUNG,LAINNYA,2,KASUS,2019
184,32,JAWA BARAT,3204,KABUPATEN BANDUNG,SEKOLAH,3,KASUS,2019
185,32,JAWA BARAT,3204,KABUPATEN BANDUNG,FASILITAS UMUM,22,KASUS,2019
186,32,JAWA BARAT,3204,KABUPATEN BANDUNG,LEMBAGA PENDIDIKAN KILAT,0,KASUS,2019
187,32,JAWA BARAT,3205,KABUPATEN GARUT,RUMAH TANGGA,9,KASUS,2019
188,32,JAWA BARAT,3205,KABUPATEN GARUT,TEMPAT KEJADIAN,0,KASUS,2019
189,32,JAWA BARAT,3205,KABUPATEN GARUT,LAINNYA,2,KASUS,2019
190,32,JAWA BARAT,3205,KABUPATEN GARUT,SEKOLAH,0,KASUS,2019
191,32,JAWA BARAT,3205,KABUPATEN GARUT,FASILITAS UMUM,2,KASUS,2019
192,32,JAWA BARAT,3205,KABUPATEN GARUT,LEMBAGA PENDIDIKAN KILAT,0,KASUS,2019
193,32,JAWA BARAT,3206,KABUPATEN TASIKMALAYA,RUMAH TANGGA,0,KASUS,2019
194,32,JAWA BARAT,3206,KABUPATEN TASIKMALAYA,TEMPAT KEJADIAN,0,KASUS,2019
195,32,JAWA BARAT,3206,KABUPATEN TASIKMALAYA,LAINNYA,1,KASUS,2019
196,32,JAWA BARAT,3206,KABUPATEN TASIKMALAYA,SEKOLAH,0,KASUS,2019
197,32,JAWA BARAT,3206,KABUPATEN TASIKMALAYA,FASILITAS UMUM,0,KASUS,2019
198,32,JAWA BARAT,3206,KABUPATEN TASIKMALAYA,LEMBAGA PENDIDIKAN KILAT,0,KASUS,2019
199,32,JAWA BARAT,3207,KABUPATEN CIAMIS,RUMAH TANGGA,3,KASUS,2019
200,32,JAWA BARAT,3207,KABUPATEN CIAMIS,TEMPAT KEJADIAN,0,KASUS,2019
201,32,JAWA BARAT,3207,KABUPATEN CIAMIS,LAINNYA,0,KASUS,2019
202,32,JAWA BARAT,3207,KABUPATEN CIAMIS,SEKOLAH,0,KASUS,2019
203,32,JAWA BARAT,3207,KABUPATEN CIAMIS,FASILITAS UMUM,0,KASUS,2019
204,32,JAWA BARAT,3207,KABUPATEN CIAMIS,LEMBAGA PENDIDIKAN KILAT,0,KASUS,2019
205,32,JAWA BARAT,3208,KABUPATEN KUNINGAN,RUMAH TANGGA,2,KASUS,2019
206,32,JAWA BARAT,3208,KABUPATEN KUNINGAN,TEMPAT KEJADIAN,0,KASUS,2019
207,32,JAWA BARAT,3208,KABUPATEN KUNINGAN,LAINNYA,0,KASUS,2019
208,32,JAWA BARAT,3208,KABUPATEN KUNINGAN,SEKOLAH,0,KASUS,2019
209,32,JAWA BARAT,3208,KABUPATEN KUNINGAN,FASILITAS UMUM,1,KASUS,2019
210,32,JAWA BARAT,3208,KABUPATEN KUNINGAN,LEMBAGA PENDIDIKAN KILAT,0,KASUS,2019
211,32,JAWA BARAT,3209,KABUPATEN CIREBON,RUMAH TANGGA,61,KASUS,2019
212,32,JAWA BARAT,3209,KABUPATEN CIREBON,TEMPAT KEJADIAN,2,KASUS,2019
213,32,JAWA BARAT,3209,KABUPATEN CIREBON,LAINNYA,16,KASUS,2019
214,32,JAWA BARAT,3209,KABUPATEN CIREBON,SEKOLAH,14,KASUS,2019
215,32,JAWA BARAT,3209,KABUPATEN CIREBON,FASILITAS UMUM,11,KASUS,2019
216,32,JAWA BARAT,3209,KABUPATEN CIREBON,LEMBAGA PENDIDIKAN KILAT,0,KASUS,2019
217,32,JAWA BARAT,3210,KABUPATEN MAJALENGKA,RUMAH TANGGA,2,KASUS,2019
218,32,JAWA BARAT,3210,KABUPATEN MAJALENGKA,TEMPAT KEJADIAN,0,KASUS,2019
219,32,JAWA BARAT,3210,KABUPATEN MAJALENGKA,LAINNYA,11,KASUS,2019
220,32,JAWA BARAT,3210,KABUPATEN MAJALENGKA,SEKOLAH,0,KASUS,2019
221,32,JAWA BARAT,3210,KABUPATEN MAJALENGKA,FASILITAS UMUM,2,KASUS,2019
222,32,JAWA BARAT,3210,KABUPATEN MAJALENGKA,LEMBAGA PENDIDIKAN KILAT,0,KASUS,2019
223,32,JAWA BARAT,3211,KABUPATEN SUMEDANG,RUMAH TANGGA,5,KASUS,2019
224,32,JAWA BARAT,3211,KABUPATEN SUMEDANG,TEMPAT KEJADIAN,0,KASUS,2019
225,32,JAWA BARAT,3211,KABUPATEN SUMEDANG,LAINNYA,10,KASUS,2019
226,32,JAWA BARAT,3211,KABUPATEN SUMEDANG,SEKOLAH,0,KASUS,2019
227,32,JAWA BARAT,3211,KABUPATEN SUMEDANG,FASILITAS UMUM,0,KASUS,2019
228,32,JAWA BARAT,3211,KABUPATEN SUMEDANG,LEMBAGA PENDIDIKAN KILAT,0,KASUS,2019
229,32,JAWA BARAT,3212,KABUPATEN INDRAMAYU,RUMAH TANGGA,11,KASUS,2019
230,32,JAWA BARAT,3212,KABUPATEN INDRAMAYU,TEMPAT KEJADIAN,1,KASUS,2019
231,32,JAWA BARAT,3212,KABUPATEN INDRAMAYU,LAINNYA,2,KASUS,2019
232,32,JAWA BARAT,3212,KABUPATEN INDRAMAYU,SEKOLAH,2,KASUS,2019
233,32,JAWA BARAT,3212,KABUPATEN INDRAMAYU,FASILITAS UMUM,7,KASUS,2019
234,32,JAWA BARAT,3212,KABUPATEN INDRAMAYU,LEMBAGA PENDIDIKAN KILAT,0,KASUS,2019
235,32,JAWA BARAT,3213,KABUPATEN SUBANG,RUMAH TANGGA,43,KASUS,2019
236,32,JAWA BARAT,3213,KABUPATEN SUBANG,TEMPAT KEJADIAN,0,KASUS,2019
237,32,JAWA BARAT,3213,KABUPATEN SUBANG,LAINNYA,1,KASUS,2019
238,32,JAWA BARAT,3213,KABUPATEN SUBANG,SEKOLAH,0,KASUS,2019
239,32,JAWA BARAT,3213,KABUPATEN SUBANG,FASILITAS UMUM,0,KASUS,2019
240,32,JAWA BARAT,3213,KABUPATEN SUBANG,LEMBAGA PENDIDIKAN KILAT,0,KASUS,2019
241,32,JAWA BARAT,3214,KABUPATEN PURWAKARTA,RUMAH TANGGA,24,KASUS,2019
242,32,JAWA BARAT,3214,KABUPATEN PURWAKARTA,TEMPAT KEJADIAN,0,KASUS,2019
243,32,JAWA BARAT,3214,KABUPATEN PURWAKARTA,LAINNYA,8,KASUS,2019
244,32,JAWA BARAT,3214,KABUPATEN PURWAKARTA,SEKOLAH,1,KASUS,2019
245,32,JAWA BARAT,3214,KABUPATEN PURWAKARTA,FASILITAS UMUM,1,KASUS,2019
246,32,JAWA BARAT,3214,KABUPATEN PURWAKARTA,LEMBAGA PENDIDIKAN KILAT,0,KASUS,2019
247,32,JAWA BARAT,3215,KABUPATEN KARAWANG,RUMAH TANGGA,2,KASUS,2019
248,32,JAWA BARAT,3215,KABUPATEN KARAWANG,TEMPAT KEJADIAN,0,KASUS,2019
249,32,JAWA BARAT,3215,KABUPATEN KARAWANG,LAINNYA,0,KASUS,2019
250,32,JAWA BARAT,3215,KABUPATEN KARAWANG,SEKOLAH,0,KASUS,2019
251,32,JAWA BARAT,3215,KABUPATEN KARAWANG,FASILITAS UMUM,1,KASUS,2019
252,32,JAWA BARAT,3215,KABUPATEN KARAWANG,LEMBAGA PENDIDIKAN KILAT,0,KASUS,2019
253,32,JAWA BARAT,3216,KABUPATEN BEKASI,RUMAH TANGGA,4,KASUS,2019
254,32,JAWA BARAT,3216,KABUPATEN BEKASI,TEMPAT KEJADIAN,0,KASUS,2019
255,32,JAWA BARAT,3216,KABUPATEN BEKASI,LAINNYA,1,KASUS,2019
256,32,JAWA BARAT,3216,KABUPATEN BEKASI,SEKOLAH,1,KASUS,2019
257,32,JAWA BARAT,3216,KABUPATEN BEKASI,FASILITAS UMUM,1,KASUS,2019
258,32,JAWA BARAT,3216,KABUPATEN BEKASI,LEMBAGA PENDIDIKAN KILAT,0,KASUS,2019
259,32,JAWA BARAT,3217,KABUPATEN BANDUNG BARAT,RUMAH TANGGA,14,KASUS,2019
260,32,JAWA BARAT,3217,KABUPATEN BANDUNG BARAT,TEMPAT KEJADIAN,0,KASUS,2019
261,32,JAWA BARAT,3217,KABUPATEN BANDUNG BARAT,LAINNYA,4,KASUS,2019
262,32,JAWA BARAT,3217,KABUPATEN BANDUNG BARAT,SEKOLAH,1,KASUS,2019
263,32,JAWA BARAT,3217,KABUPATEN BANDUNG BARAT,FASILITAS UMUM,0,KASUS,2019
264,32,JAWA BARAT,3217,KABUPATEN BANDUNG BARAT,LEMBAGA PENDIDIKAN KILAT,0,KASUS,2019
265,32,JAWA BARAT,3218,KABUPATEN PANGANDARAN,RUMAH TANGGA,3,KASUS,2019
266,32,JAWA BARAT,3218,KABUPATEN PANGANDARAN,TEMPAT KEJADIAN,0,KASUS,2019
267,32,JAWA BARAT,3218,KABUPATEN PANGANDARAN,LAINNYA,2,KASUS,2019
268,32,JAWA BARAT,3218,KABUPATEN PANGANDARAN,SEKOLAH,1,KASUS,2019
269,32,JAWA BARAT,3218,KABUPATEN PANGANDARAN,FASILITAS UMUM,1,KASUS,2019
270,32,JAWA BARAT,3218,KABUPATEN PANGANDARAN,LEMBAGA PENDIDIKAN KILAT,0,KASUS,2019
271,32,JAWA BARAT,3271,KOTA BOGOR,RUMAH TANGGA,8,KASUS,2019
272,32,JAWA BARAT,3271,KOTA BOGOR,TEMPAT KEJADIAN,0,KASUS,2019
273,32,JAWA BARAT,3271,KOTA BOGOR,LAINNYA,1,KASUS,2019
274,32,JAWA BARAT,3271,KOTA BOGOR,SEKOLAH,0,KASUS,2019
275,32,JAWA BARAT,3271,KOTA BOGOR,FASILITAS UMUM,2,KASUS,2019
276,32,JAWA BARAT,3271,KOTA BOGOR,LEMBAGA PENDIDIKAN KILAT,0,KASUS,2019
277,32,JAWA BARAT,3272,KOTA SUKABUMI,RUMAH TANGGA,5,KASUS,2019
278,32,JAWA BARAT,3272,KOTA SUKABUMI,TEMPAT KEJADIAN,1,KASUS,2019
279,32,JAWA BARAT,3272,KOTA SUKABUMI,LAINNYA,1,KASUS,2019
280,32,JAWA BARAT,3272,KOTA SUKABUMI,SEKOLAH,1,KASUS,2019
281,32,JAWA BARAT,3272,KOTA SUKABUMI,FASILITAS UMUM,0,KASUS,2019
282,32,JAWA BARAT,3272,KOTA SUKABUMI,LEMBAGA PENDIDIKAN KILAT,0,KASUS,2019
283,32,JAWA BARAT,3273,KOTA BANDUNG,RUMAH TANGGA,156,KASUS,2019
284,32,JAWA BARAT,3273,KOTA BANDUNG,TEMPAT KEJADIAN,0,KASUS,2019
285,32,JAWA BARAT,3273,KOTA BANDUNG,LAINNYA,72,KASUS,2019
286,32,JAWA BARAT,3273,KOTA BANDUNG,SEKOLAH,8,KASUS,2019
287,32,JAWA BARAT,3273,KOTA BANDUNG,FASILITAS UMUM,6,KASUS,2019
288,32,JAWA BARAT,3273,KOTA BANDUNG,LEMBAGA PENDIDIKAN KILAT,0,KASUS,2019
289,32,JAWA BARAT,3274,KOTA CIREBON,RUMAH TANGGA,4,KASUS,2019
290,32,JAWA BARAT,3274,KOTA CIREBON,TEMPAT KEJADIAN,0,KASUS,2019
291,32,JAWA BARAT,3274,KOTA CIREBON,LAINNYA,1,KASUS,2019
292,32,JAWA BARAT,3274,KOTA CIREBON,SEKOLAH,0,KASUS,2019
293,32,JAWA BARAT,3274,KOTA CIREBON,FASILITAS UMUM,0,KASUS,2019
294,32,JAWA BARAT,3274,KOTA CIREBON,LEMBAGA PENDIDIKAN KILAT,0,KASUS,2019
295,32,JAWA BARAT,3275,KOTA BEKASI,RUMAH TANGGA,1,KASUS,2019
296,32,JAWA BARAT,3275,KOTA BEKASI,TEMPAT KEJADIAN,0,KASUS,2019
297,32,JAWA BARAT,3275,KOTA BEKASI,LAINNYA,1,KASUS,2019
298,32,JAWA BARAT,3275,KOTA BEKASI,SEKOLAH,0,KASUS,2019
299,32,JAWA BARAT,3275,KOTA BEKASI,FASILITAS UMUM,0,KASUS,2019
300,32,JAWA BARAT,3275,KOTA BEKASI,LEMBAGA PENDIDIKAN KILAT,0,KASUS,2019
301,32,JAWA BARAT,3276,KOTA DEPOK,RUMAH TANGGA,23,KASUS,2019
302,32,JAWA BARAT,3276,KOTA DEPOK,TEMPAT KEJADIAN,0,KASUS,2019
303,32,JAWA BARAT,3276,KOTA DEPOK,LAINNYA,7,KASUS,2019
304,32,JAWA BARAT,3276,KOTA DEPOK,SEKOLAH,0,KASUS,2019
305,32,JAWA BARAT,3276,KOTA DEPOK,FASILITAS UMUM,0,KASUS,2019
306,32,JAWA BARAT,3276,KOTA DEPOK,LEMBAGA PENDIDIKAN KILAT,0,KASUS,2019
307,32,JAWA BARAT,3277,KOTA CIMAHI,RUMAH TANGGA,6,KASUS,2019
308,32,JAWA BARAT,3277,KOTA CIMAHI,TEMPAT KEJADIAN,0,KASUS,2019
309,32,JAWA BARAT,3277,KOTA CIMAHI,LAINNYA,5,KASUS,2019
310,32,JAWA BARAT,3277,KOTA CIMAHI,SEKOLAH,0,KASUS,2019
311,32,JAWA BARAT,3277,KOTA CIMAHI,FASILITAS UMUM,1,KASUS,2019
312,32,JAWA BARAT,3277,KOTA CIMAHI,LEMBAGA PENDIDIKAN KILAT,0,KASUS,2019
313,32,JAWA BARAT,3278,KOTA TASIKMALAYA,RUMAH TANGGA,3,KASUS,2019
314,32,JAWA BARAT,3278,KOTA TASIKMALAYA,TEMPAT KEJADIAN,1,KASUS,2019
315,32,JAWA BARAT,3278,KOTA TASIKMALAYA,LAINNYA,0,KASUS,2019
316,32,JAWA BARAT,3278,KOTA TASIKMALAYA,SEKOLAH,0,KASUS,2019
317,32,JAWA BARAT,3278,KOTA TASIKMALAYA,FASILITAS UMUM,1,KASUS,2019
318,32,JAWA BARAT,3278,KOTA TASIKMALAYA,LEMBAGA PENDIDIKAN KILAT,0,KASUS,2019
319,32,JAWA BARAT,3279,KOTA BANJAR,RUMAH TANGGA,1,KASUS,2019
320,32,JAWA BARAT,3279,KOTA BANJAR,TEMPAT KEJADIAN,0,KASUS,2019
321,32,JAWA BARAT,3279,KOTA BANJAR,LAINNYA,0,KASUS,2019
322,32,JAWA BARAT,3279,KOTA BANJAR,SEKOLAH,0,KASUS,2019
323,32,JAWA BARAT,3279,KOTA BANJAR,FASILITAS UMUM,0,KASUS,2019
324,32,JAWA BARAT,3279,KOTA BANJAR,LEMBAGA PENDIDIKAN KILAT,0,KASUS,2019
325,32,JAWA BARAT,3201,KABUPATEN BOGOR,RUMAH TANGGA,6,KASUS,2020
326,32,JAWA BARAT,3201,KABUPATEN BOGOR,TEMPAT KERJA,0,KASUS,2020
327,32,JAWA BARAT,3201,KABUPATEN BOGOR,LAINNYA,2,KASUS,2020
328,32,JAWA BARAT,3201,KABUPATEN BOGOR,SEKOLAH,4,KASUS,2020
329,32,JAWA BARAT,3201,KABUPATEN BOGOR,FASILITAS UMUM,1,KASUS,2020
330,32,JAWA BARAT,3201,KABUPATEN BOGOR,LEMBAGA PENDIDIKAN KILAT,0,KASUS,2020
331,32,JAWA BARAT,3202,KABUPATEN SUKABUMI,RUMAH TANGGA,23,KASUS,2020
332,32,JAWA BARAT,3202,KABUPATEN SUKABUMI,TEMPAT KERJA,5,KASUS,2020
333,32,JAWA BARAT,3202,KABUPATEN SUKABUMI,LAINNYA,93,KASUS,2020
334,32,JAWA BARAT,3202,KABUPATEN SUKABUMI,SEKOLAH,4,KASUS,2020
335,32,JAWA BARAT,3202,KABUPATEN SUKABUMI,FASILITAS UMUM,1,KASUS,2020
336,32,JAWA BARAT,3202,KABUPATEN SUKABUMI,LEMBAGA PENDIDIKAN KILAT,0,KASUS,2020
337,32,JAWA BARAT,3203,KABUPATEN CIANJUR,RUMAH TANGGA,0,KASUS,2020
338,32,JAWA BARAT,3203,KABUPATEN CIANJUR,TEMPAT KERJA,0,KASUS,2020
339,32,JAWA BARAT,3203,KABUPATEN CIANJUR,LAINNYA,0,KASUS,2020
340,32,JAWA BARAT,3203,KABUPATEN CIANJUR,SEKOLAH,0,KASUS,2020
341,32,JAWA BARAT,3203,KABUPATEN CIANJUR,FASILITAS UMUM,0,KASUS,2020
342,32,JAWA BARAT,3203,KABUPATEN CIANJUR,LEMBAGA PENDIDIKAN KILAT,0,KASUS,2020
343,32,JAWA BARAT,3204,KABUPATEN BANDUNG,RUMAH TANGGA,67,KASUS,2020
344,32,JAWA BARAT,3204,KABUPATEN BANDUNG,TEMPAT KERJA,0,KASUS,2020
345,32,JAWA BARAT,3204,KABUPATEN BANDUNG,LAINNYA,6,KASUS,2020
346,32,JAWA BARAT,3204,KABUPATEN BANDUNG,SEKOLAH,3,KASUS,2020
347,32,JAWA BARAT,3204,KABUPATEN BANDUNG,FASILITAS UMUM,6,KASUS,2020
348,32,JAWA BARAT,3204,KABUPATEN BANDUNG,LEMBAGA PENDIDIKAN KILAT,0,KASUS,2020
349,32,JAWA BARAT,3205,KABUPATEN GARUT,RUMAH TANGGA,3,KASUS,2020
350,32,JAWA BARAT,3205,KABUPATEN GARUT,TEMPAT KERJA,0,KASUS,2020
351,32,JAWA BARAT,3205,KABUPATEN GARUT,LAINNYA,4,KASUS,2020
352,32,JAWA BARAT,3205,KABUPATEN GARUT,SEKOLAH,0,KASUS,2020
353,32,JAWA BARAT,3205,KABUPATEN GARUT,FASILITAS UMUM,0,KASUS,2020
354,32,JAWA BARAT,3205,KABUPATEN GARUT,LEMBAGA PENDIDIKAN KILAT,0,KASUS,2020
355,32,JAWA BARAT,3206,KABUPATEN TASIKMALAYA,RUMAH TANGGA,32,KASUS,2020
356,32,JAWA BARAT,3206,KABUPATEN TASIKMALAYA,TEMPAT KERJA,0,KASUS,2020
357,32,JAWA BARAT,3206,KABUPATEN TASIKMALAYA,LAINNYA,11,KASUS,2020
358,32,JAWA BARAT,3206,KABUPATEN TASIKMALAYA,SEKOLAH,3,KASUS,2020
359,32,JAWA BARAT,3206,KABUPATEN TASIKMALAYA,FASILITAS UMUM,3,KASUS,2020
360,32,JAWA BARAT,3206,KABUPATEN TASIKMALAYA,LEMBAGA PENDIDIKAN KILAT,0,KASUS,2020
361,32,JAWA BARAT,3207,KABUPATEN CIAMIS,RUMAH TANGGA,8,KASUS,2020
362,32,JAWA BARAT,3207,KABUPATEN CIAMIS,TEMPAT KERJA,0,KASUS,2020
363,32,JAWA BARAT,3207,KABUPATEN CIAMIS,LAINNYA,8,KASUS,2020
364,32,JAWA BARAT,3207,KABUPATEN CIAMIS,SEKOLAH,0,KASUS,2020
365,32,JAWA BARAT,3207,KABUPATEN CIAMIS,FASILITAS UMUM,0,KASUS,2020
366,32,JAWA BARAT,3207,KABUPATEN CIAMIS,LEMBAGA PENDIDIKAN KILAT,0,KASUS,2020
367,32,JAWA BARAT,3208,KABUPATEN KUNINGAN,RUMAH TANGGA,7,KASUS,2020
368,32,JAWA BARAT,3208,KABUPATEN KUNINGAN,TEMPAT KERJA,0,KASUS,2020
369,32,JAWA BARAT,3208,KABUPATEN KUNINGAN,LAINNYA,2,KASUS,2020
370,32,JAWA BARAT,3208,KABUPATEN KUNINGAN,SEKOLAH,0,KASUS,2020
371,32,JAWA BARAT,3208,KABUPATEN KUNINGAN,FASILITAS UMUM,1,KASUS,2020
372,32,JAWA BARAT,3208,KABUPATEN KUNINGAN,LEMBAGA PENDIDIKAN KILAT,0,KASUS,2020
373,32,JAWA BARAT,3209,KABUPATEN CIREBON,RUMAH TANGGA,28,KASUS,2020
374,32,JAWA BARAT,3209,KABUPATEN CIREBON,TEMPAT KERJA,0,KASUS,2020
375,32,JAWA BARAT,3209,KABUPATEN CIREBON,LAINNYA,5,KASUS,2020
376,32,JAWA BARAT,3209,KABUPATEN CIREBON,SEKOLAH,0,KASUS,2020
377,32,JAWA BARAT,3209,KABUPATEN CIREBON,FASILITAS UMUM,6,KASUS,2020
378,32,JAWA BARAT,3209,KABUPATEN CIREBON,LEMBAGA PENDIDIKAN KILAT,0,KASUS,2020
379,32,JAWA BARAT,3210,KABUPATEN MAJALENGKA,RUMAH TANGGA,7,KASUS,2020
380,32,JAWA BARAT,3210,KABUPATEN MAJALENGKA,TEMPAT KERJA,0,KASUS,2020
381,32,JAWA BARAT,3210,KABUPATEN MAJALENGKA,LAINNYA,11,KASUS,2020
382,32,JAWA BARAT,3210,KABUPATEN MAJALENGKA,SEKOLAH,0,KASUS,2020
383,32,JAWA BARAT,3210,KABUPATEN MAJALENGKA,FASILITAS UMUM,1,KASUS,2020
384,32,JAWA BARAT,3210,KABUPATEN MAJALENGKA,LEMBAGA PENDIDIKAN KILAT,0,KASUS,2020
385,32,JAWA BARAT,3211,KABUPATEN SUMEDANG,RUMAH TANGGA,9,KASUS,2020
386,32,JAWA BARAT,3211,KABUPATEN SUMEDANG,TEMPAT KERJA,0,KASUS,2020
387,32,JAWA BARAT,3211,KABUPATEN SUMEDANG,LAINNYA,2,KASUS,2020
388,32,JAWA BARAT,3211,KABUPATEN SUMEDANG,SEKOLAH,0,KASUS,2020
389,32,JAWA BARAT,3211,KABUPATEN SUMEDANG,FASILITAS UMUM,1,KASUS,2020
390,32,JAWA BARAT,3211,KABUPATEN SUMEDANG,LEMBAGA PENDIDIKAN KILAT,0,KASUS,2020
391,32,JAWA BARAT,3212,KABUPATEN INDRAMAYU,RUMAH TANGGA,11,KASUS,2020
392,32,JAWA BARAT,3212,KABUPATEN INDRAMAYU,TEMPAT KERJA,1,KASUS,2020
393,32,JAWA BARAT,3212,KABUPATEN INDRAMAYU,LAINNYA,6,KASUS,2020
394,32,JAWA BARAT,3212,KABUPATEN INDRAMAYU,SEKOLAH,0,KASUS,2020
395,32,JAWA BARAT,3212,KABUPATEN INDRAMAYU,FASILITAS UMUM,0,KASUS,2020
396,32,JAWA BARAT,3212,KABUPATEN INDRAMAYU,LEMBAGA PENDIDIKAN KILAT,0,KASUS,2020
397,32,JAWA BARAT,3213,KABUPATEN SUBANG,RUMAH TANGGA,12,KASUS,2020
398,32,JAWA BARAT,3213,KABUPATEN SUBANG,TEMPAT KERJA,1,KASUS,2020
399,32,JAWA BARAT,3213,KABUPATEN SUBANG,LAINNYA,3,KASUS,2020
400,32,JAWA BARAT,3213,KABUPATEN SUBANG,SEKOLAH,1,KASUS,2020
401,32,JAWA BARAT,3213,KABUPATEN SUBANG,FASILITAS UMUM,2,KASUS,2020
402,32,JAWA BARAT,3213,KABUPATEN SUBANG,LEMBAGA PENDIDIKAN KILAT,0,KASUS,2020
403,32,JAWA BARAT,3214,KABUPATEN PURWAKARTA,RUMAH TANGGA,22,KASUS,2020
404,32,JAWA BARAT,3214,KABUPATEN PURWAKARTA,TEMPAT KERJA,0,KASUS,2020
405,32,JAWA BARAT,3214,KABUPATEN PURWAKARTA,LAINNYA,3,KASUS,2020
406,32,JAWA BARAT,3214,KABUPATEN PURWAKARTA,SEKOLAH,1,KASUS,2020
407,32,JAWA BARAT,3214,KABUPATEN PURWAKARTA,FASILITAS UMUM,14,KASUS,2020
408,32,JAWA BARAT,3214,KABUPATEN PURWAKARTA,LEMBAGA PENDIDIKAN KILAT,0,KASUS,2020
409,32,JAWA BARAT,3215,KABUPATEN KARAWANG,RUMAH TANGGA,22,KASUS,2020
410,32,JAWA BARAT,3215,KABUPATEN KARAWANG,TEMPAT KERJA,1,KASUS,2020
411,32,JAWA BARAT,3215,KABUPATEN KARAWANG,LAINNYA,17,KASUS,2020
412,32,JAWA BARAT,3215,KABUPATEN KARAWANG,SEKOLAH,0,KASUS,2020
413,32,JAWA BARAT,3215,KABUPATEN KARAWANG,FASILITAS UMUM,1,KASUS,2020
414,32,JAWA BARAT,3215,KABUPATEN KARAWANG,LEMBAGA PENDIDIKAN KILAT,0,KASUS,2020
415,32,JAWA BARAT,3216,KABUPATEN BEKASI,RUMAH TANGGA,22,KASUS,2020
416,32,JAWA BARAT,3216,KABUPATEN BEKASI,TEMPAT KERJA,0,KASUS,2020
417,32,JAWA BARAT,3216,KABUPATEN BEKASI,LAINNYA,5,KASUS,2020
418,32,JAWA BARAT,3216,KABUPATEN BEKASI,SEKOLAH,0,KASUS,2020
419,32,JAWA BARAT,3216,KABUPATEN BEKASI,FASILITAS UMUM,4,KASUS,2020
420,32,JAWA BARAT,3216,KABUPATEN BEKASI,LEMBAGA PENDIDIKAN KILAT,0,KASUS,2020
421,32,JAWA BARAT,3217,KABUPATEN BANDUNG BARAT,RUMAH TANGGA,9,KASUS,2020
422,32,JAWA BARAT,3217,KABUPATEN BANDUNG BARAT,TEMPAT KERJA,0,KASUS,2020
423,32,JAWA BARAT,3217,KABUPATEN BANDUNG BARAT,LAINNYA,13,KASUS,2020
424,32,JAWA BARAT,3217,KABUPATEN BANDUNG BARAT,SEKOLAH,1,KASUS,2020
425,32,JAWA BARAT,3217,KABUPATEN BANDUNG BARAT,FASILITAS UMUM,0,KASUS,2020
426,32,JAWA BARAT,3217,KABUPATEN BANDUNG BARAT,LEMBAGA PENDIDIKAN KILAT,0,KASUS,2020
427,32,JAWA BARAT,3218,KABUPATEN PANGANDARAN,RUMAH TANGGA,3,KASUS,2020
428,32,JAWA BARAT,3218,KABUPATEN PANGANDARAN,TEMPAT KERJA,0,KASUS,2020
429,32,JAWA BARAT,3218,KABUPATEN PANGANDARAN,LAINNYA,23,KASUS,2020
430,32,JAWA BARAT,3218,KABUPATEN PANGANDARAN,SEKOLAH,1,KASUS,2020
431,32,JAWA BARAT,3218,KABUPATEN PANGANDARAN,FASILITAS UMUM,2,KASUS,2020
432,32,JAWA BARAT,3218,KABUPATEN PANGANDARAN,LEMBAGA PENDIDIKAN KILAT,0,KASUS,2020
433,32,JAWA BARAT,3271,KOTA BOGOR,RUMAH TANGGA,3,KASUS,2020
434,32,JAWA BARAT,3271,KOTA BOGOR,TEMPAT KERJA,0,KASUS,2020
435,32,JAWA BARAT,3271,KOTA BOGOR,LAINNYA,6,KASUS,2020
436,32,JAWA BARAT,3271,KOTA BOGOR,SEKOLAH,0,KASUS,2020
437,32,JAWA BARAT,3271,KOTA BOGOR,FASILITAS UMUM,1,KASUS,2020
438,32,JAWA BARAT,3271,KOTA BOGOR,LEMBAGA PENDIDIKAN KILAT,0,KASUS,2020
439,32,JAWA BARAT,3272,KOTA SUKABUMI,RUMAH TANGGA,32,KASUS,2020
440,32,JAWA BARAT,3272,KOTA SUKABUMI,TEMPAT KERJA,4,KASUS,2020
441,32,JAWA BARAT,3272,KOTA SUKABUMI,LAINNYA,8,KASUS,2020
442,32,JAWA BARAT,3272,KOTA SUKABUMI,SEKOLAH,0,KASUS,2020
443,32,JAWA BARAT,3272,KOTA SUKABUMI,FASILITAS UMUM,0,KASUS,2020
444,32,JAWA BARAT,3272,KOTA SUKABUMI,LEMBAGA PENDIDIKAN KILAT,0,KASUS,2020
445,32,JAWA BARAT,3273,KOTA BANDUNG,RUMAH TANGGA,108,KASUS,2020
446,32,JAWA BARAT,3273,KOTA BANDUNG,TEMPAT KERJA,0,KASUS,2020
447,32,JAWA BARAT,3273,KOTA BANDUNG,LAINNYA,67,KASUS,2020
448,32,JAWA BARAT,3273,KOTA BANDUNG,SEKOLAH,3,KASUS,2020
449,32,JAWA BARAT,3273,KOTA BANDUNG,FASILITAS UMUM,12,KASUS,2020
450,32,JAWA BARAT,3273,KOTA BANDUNG,LEMBAGA PENDIDIKAN KILAT,0,KASUS,2020
451,32,JAWA BARAT,3274,KOTA CIREBON,RUMAH TANGGA,25,KASUS,2020
452,32,JAWA BARAT,3274,KOTA CIREBON,TEMPAT KERJA,0,KASUS,2020
453,32,JAWA BARAT,3274,KOTA CIREBON,LAINNYA,1,KASUS,2020
454,32,JAWA BARAT,3274,KOTA CIREBON,SEKOLAH,2,KASUS,2020
455,32,JAWA BARAT,3274,KOTA CIREBON,FASILITAS UMUM,1,KASUS,2020
456,32,JAWA BARAT,3274,KOTA CIREBON,LEMBAGA PENDIDIKAN KILAT,0,KASUS,2020
457,32,JAWA BARAT,3275,KOTA BEKASI,RUMAH TANGGA,133,KASUS,2020
458,32,JAWA BARAT,3275,KOTA BEKASI,TEMPAT KERJA,1,KASUS,2020
459,32,JAWA BARAT,3275,KOTA BEKASI,LAINNYA,8,KASUS,2020
460,32,JAWA BARAT,3275,KOTA BEKASI,SEKOLAH,2,KASUS,2020
461,32,JAWA BARAT,3275,KOTA BEKASI,FASILITAS UMUM,0,KASUS,2020
462,32,JAWA BARAT,3275,KOTA BEKASI,LEMBAGA PENDIDIKAN KILAT,1,KASUS,2020
463,32,JAWA BARAT,3276,KOTA DEPOK,RUMAH TANGGA,41,KASUS,2020
464,32,JAWA BARAT,3276,KOTA DEPOK,TEMPAT KERJA,0,KASUS,2020
465,32,JAWA BARAT,3276,KOTA DEPOK,LAINNYA,11,KASUS,2020
466,32,JAWA BARAT,3276,KOTA DEPOK,SEKOLAH,2,KASUS,2020
467,32,JAWA BARAT,3276,KOTA DEPOK,FASILITAS UMUM,10,KASUS,2020
468,32,JAWA BARAT,3276,KOTA DEPOK,LEMBAGA PENDIDIKAN KILAT,0,KASUS,2020
469,32,JAWA BARAT,3277,KOTA CIMAHI,RUMAH TANGGA,11,KASUS,2020
470,32,JAWA BARAT,3277,KOTA CIMAHI,TEMPAT KERJA,0,KASUS,2020
471,32,JAWA BARAT,3277,KOTA CIMAHI,LAINNYA,6,KASUS,2020
472,32,JAWA BARAT,3277,KOTA CIMAHI,SEKOLAH,0,KASUS,2020
473,32,JAWA BARAT,3277,KOTA CIMAHI,FASILITAS UMUM,5,KASUS,2020
474,32,JAWA BARAT,3277,KOTA CIMAHI,LEMBAGA PENDIDIKAN KILAT,0,KASUS,2020
475,32,JAWA BARAT,3278,KOTA TASIKMALAYA,RUMAH TANGGA,9,KASUS,2020
476,32,JAWA BARAT,3278,KOTA TASIKMALAYA,TEMPAT KERJA,0,KASUS,2020
477,32,JAWA BARAT,3278,KOTA TASIKMALAYA,LAINNYA,3,KASUS,2020
478,32,JAWA BARAT,3278,KOTA TASIKMALAYA,SEKOLAH,0,KASUS,2020
479,32,JAWA BARAT,3278,KOTA TASIKMALAYA,FASILITAS UMUM,6,KASUS,2020
480,32,JAWA BARAT,3278,KOTA TASIKMALAYA,LEMBAGA PENDIDIKAN KILAT,0,KASUS,2020
481,32,JAWA BARAT,3279,KOTA BANJAR,RUMAH TANGGA,6,KASUS,2020
482,32,JAWA BARAT,3279,KOTA BANJAR,TEMPAT KERJA,0,KASUS,2020
483,32,JAWA BARAT,3279,KOTA BANJAR,LAINNYA,12,KASUS,2020
484,32,JAWA BARAT,3279,KOTA BANJAR,SEKOLAH,0,KASUS,2020
485,32,JAWA BARAT,3279,KOTA BANJAR,FASILITAS UMUM,0,KASUS,2020
486,32,JAWA BARAT,3279,KOTA BANJAR,LEMBAGA PENDIDIKAN KILAT,0,KASUS,2020
487,32,JAWA BARAT,3201,KABUPATEN BOGOR,RUMAH TANGGA,4,KASUS,2021
488,32,JAWA BARAT,3201,KABUPATEN BOGOR,TEMPAT KERJA,0,KASUS,2021
489,32,JAWA BARAT,3201,KABUPATEN BOGOR,LAINNYA,15,KASUS,2021
490,32,JAWA BARAT,3201,KABUPATEN BOGOR,SEKOLAH,1,KASUS,2021
491,32,JAWA BARAT,3201,KABUPATEN BOGOR,FASILITAS UMUM,1,KASUS,2021
492,32,JAWA BARAT,3201,KABUPATEN BOGOR,LEMBAGA PENDIDIKAN KILAT,0,KASUS,2021
493,32,JAWA BARAT,3202,KABUPATEN SUKABUMI,RUMAH TANGGA,42,KASUS,2021
494,32,JAWA BARAT,3202,KABUPATEN SUKABUMI,TEMPAT KERJA,2,KASUS,2021
495,32,JAWA BARAT,3202,KABUPATEN SUKABUMI,LAINNYA,25,KASUS,2021
496,32,JAWA BARAT,3202,KABUPATEN SUKABUMI,SEKOLAH,0,KASUS,2021
497,32,JAWA BARAT,3202,KABUPATEN SUKABUMI,FASILITAS UMUM,2,KASUS,2021
498,32,JAWA BARAT,3202,KABUPATEN SUKABUMI,LEMBAGA PENDIDIKAN KILAT,0,KASUS,2021
499,32,JAWA BARAT,3203,KABUPATEN CIANJUR,RUMAH TANGGA,1,KASUS,2021
500,32,JAWA BARAT,3203,KABUPATEN CIANJUR,TEMPAT KERJA,0,KASUS,2021
501,32,JAWA BARAT,3203,KABUPATEN CIANJUR,LAINNYA,0,KASUS,2021
502,32,JAWA BARAT,3203,KABUPATEN CIANJUR,SEKOLAH,3,KASUS,2021
503,32,JAWA BARAT,3203,KABUPATEN CIANJUR,FASILITAS UMUM,0,KASUS,2021
504,32,JAWA BARAT,3203,KABUPATEN CIANJUR,LEMBAGA PENDIDIKAN KILAT,0,KASUS,2021
505,32,JAWA BARAT,3204,KABUPATEN BANDUNG,RUMAH TANGGA,66,KASUS,2021
506,32,JAWA BARAT,3204,KABUPATEN BANDUNG,TEMPAT KERJA,1,KASUS,2021
507,32,JAWA BARAT,3204,KABUPATEN BANDUNG,LAINNYA,11,KASUS,2021
508,32,JAWA BARAT,3204,KABUPATEN BANDUNG,SEKOLAH,1,KASUS,2021
509,32,JAWA BARAT,3204,KABUPATEN BANDUNG,FASILITAS UMUM,12,KASUS,2021
510,32,JAWA BARAT,3204,KABUPATEN BANDUNG,LEMBAGA PENDIDIKAN KILAT,0,KASUS,2021
511,32,JAWA BARAT,3205,KABUPATEN GARUT,RUMAH TANGGA,6,KASUS,2021
512,32,JAWA BARAT,3205,KABUPATEN GARUT,TEMPAT KERJA,0,KASUS,2021
513,32,JAWA BARAT,3205,KABUPATEN GARUT,LAINNYA,4,KASUS,2021
514,32,JAWA BARAT,3205,KABUPATEN GARUT,SEKOLAH,1,KASUS,2021
515,32,JAWA BARAT,3205,KABUPATEN GARUT,FASILITAS UMUM,1,KASUS,2021
516,32,JAWA BARAT,3205,KABUPATEN GARUT,LEMBAGA PENDIDIKAN KILAT,0,KASUS,2021
517,32,JAWA BARAT,3206,KABUPATEN TASIKMALAYA,RUMAH TANGGA,0,KASUS,2021
518,32,JAWA BARAT,3206,KABUPATEN TASIKMALAYA,TEMPAT KERJA,0,KASUS,2021
519,32,JAWA BARAT,3206,KABUPATEN TASIKMALAYA,LAINNYA,2,KASUS,2021
520,32,JAWA BARAT,3206,KABUPATEN TASIKMALAYA,SEKOLAH,0,KASUS,2021
521,32,JAWA BARAT,3206,KABUPATEN TASIKMALAYA,FASILITAS UMUM,0,KASUS,2021
522,32,JAWA BARAT,3206,KABUPATEN TASIKMALAYA,LEMBAGA PENDIDIKAN KILAT,0,KASUS,2021
523,32,JAWA BARAT,3207,KABUPATEN CIAMIS,RUMAH TANGGA,4,KASUS,2021
524,32,JAWA BARAT,3207,KABUPATEN CIAMIS,TEMPAT KERJA,0,KASUS,2021
525,32,JAWA BARAT,3207,KABUPATEN CIAMIS,LAINNYA,14,KASUS,2021
526,32,JAWA BARAT,3207,KABUPATEN CIAMIS,SEKOLAH,0,KASUS,2021
527,32,JAWA BARAT,3207,KABUPATEN CIAMIS,FASILITAS UMUM,0,KASUS,2021
528,32,JAWA BARAT,3207,KABUPATEN CIAMIS,LEMBAGA PENDIDIKAN KILAT,0,KASUS,2021
529,32,JAWA BARAT,3208,KABUPATEN KUNINGAN,RUMAH TANGGA,1,KASUS,2021
530,32,JAWA BARAT,3208,KABUPATEN KUNINGAN,TEMPAT KERJA,0,KASUS,2021
531,32,JAWA BARAT,3208,KABUPATEN KUNINGAN,LAINNYA,18,KASUS,2021
532,32,JAWA BARAT,3208,KABUPATEN KUNINGAN,SEKOLAH,0,KASUS,2021
533,32,JAWA BARAT,3208,KABUPATEN KUNINGAN,FASILITAS UMUM,0,KASUS,2021
534,32,JAWA BARAT,3208,KABUPATEN KUNINGAN,LEMBAGA PENDIDIKAN KILAT,0,KASUS,2021
535,32,JAWA BARAT,3209,KABUPATEN CIREBON,RUMAH TANGGA,29,KASUS,2021
536,32,JAWA BARAT,3209,KABUPATEN CIREBON,TEMPAT KERJA,0,KASUS,2021
537,32,JAWA BARAT,3209,KABUPATEN CIREBON,LAINNYA,7,KASUS,2021
538,32,JAWA BARAT,3209,KABUPATEN CIREBON,SEKOLAH,2,KASUS,2021
539,32,JAWA BARAT,3209,KABUPATEN CIREBON,FASILITAS UMUM,5,KASUS,2021
540,32,JAWA BARAT,3209,KABUPATEN CIREBON,LEMBAGA PENDIDIKAN KILAT,1,KASUS,2021
541,32,JAWA BARAT,3210,KABUPATEN MAJALENGKA,RUMAH TANGGA,40,KASUS,2021
542,32,JAWA BARAT,3210,KABUPATEN MAJALENGKA,TEMPAT KERJA,0,KASUS,2021
543,32,JAWA BARAT,3210,KABUPATEN MAJALENGKA,LAINNYA,8,KASUS,2021
544,32,JAWA BARAT,3210,KABUPATEN MAJALENGKA,SEKOLAH,1,KASUS,2021
545,32,JAWA BARAT,3210,KABUPATEN MAJALENGKA,FASILITAS UMUM,0,KASUS,2021
546,32,JAWA BARAT,3210,KABUPATEN MAJALENGKA,LEMBAGA PENDIDIKAN KILAT,0,KASUS,2021
547,32,JAWA BARAT,3211,KABUPATEN SUMEDANG,RUMAH TANGGA,23,KASUS,2021
548,32,JAWA BARAT,3211,KABUPATEN SUMEDANG,TEMPAT KERJA,0,KASUS,2021
549,32,JAWA BARAT,3211,KABUPATEN SUMEDANG,LAINNYA,2,KASUS,2021
550,32,JAWA BARAT,3211,KABUPATEN SUMEDANG,SEKOLAH,0,KASUS,2021
551,32,JAWA BARAT,3211,KABUPATEN SUMEDANG,FASILITAS UMUM,1,KASUS,2021
552,32,JAWA BARAT,3211,KABUPATEN SUMEDANG,LEMBAGA PENDIDIKAN KILAT,0,KASUS,2021
553,32,JAWA BARAT,3212,KABUPATEN INDRAMAYU,RUMAH TANGGA,11,KASUS,2021
554,32,JAWA BARAT,3212,KABUPATEN INDRAMAYU,TEMPAT KERJA,0,KASUS,2021
555,32,JAWA BARAT,3212,KABUPATEN INDRAMAYU,LAINNYA,7,KASUS,2021
556,32,JAWA BARAT,3212,KABUPATEN INDRAMAYU,SEKOLAH,0,KASUS,2021
557,32,JAWA BARAT,3212,KABUPATEN INDRAMAYU,FASILITAS UMUM,3,KASUS,2021
558,32,JAWA BARAT,3212,KABUPATEN INDRAMAYU,LEMBAGA PENDIDIKAN KILAT,1,KASUS,2021
559,32,JAWA BARAT,3213,KABUPATEN SUBANG,RUMAH TANGGA,10,KASUS,2021
560,32,JAWA BARAT,3213,KABUPATEN SUBANG,TEMPAT KERJA,0,KASUS,2021
561,32,JAWA BARAT,3213,KABUPATEN SUBANG,LAINNYA,1,KASUS,2021
562,32,JAWA BARAT,3213,KABUPATEN SUBANG,SEKOLAH,0,KASUS,2021
563,32,JAWA BARAT,3213,KABUPATEN SUBANG,FASILITAS UMUM,0,KASUS,2021
564,32,JAWA BARAT,3213,KABUPATEN SUBANG,LEMBAGA PENDIDIKAN KILAT,0,KASUS,2021
565,32,JAWA BARAT,3214,KABUPATEN PURWAKARTA,RUMAH TANGGA,7,KASUS,2021
566,32,JAWA BARAT,3214,KABUPATEN PURWAKARTA,TEMPAT KERJA,0,KASUS,2021
567,32,JAWA BARAT,3214,KABUPATEN PURWAKARTA,LAINNYA,2,KASUS,2021
568,32,JAWA BARAT,3214,KABUPATEN PURWAKARTA,SEKOLAH,3,KASUS,2021
569,32,JAWA BARAT,3214,KABUPATEN PURWAKARTA,FASILITAS UMUM,0,KASUS,2021
570,32,JAWA BARAT,3214,KABUPATEN PURWAKARTA,LEMBAGA PENDIDIKAN KILAT,0,KASUS,2021
571,32,JAWA BARAT,3215,KABUPATEN KARAWANG,RUMAH TANGGA,3,KASUS,2021
572,32,JAWA BARAT,3215,KABUPATEN KARAWANG,TEMPAT KERJA,0,KASUS,2021
573,32,JAWA BARAT,3215,KABUPATEN KARAWANG,LAINNYA,4,KASUS,2021
574,32,JAWA BARAT,3215,KABUPATEN KARAWANG,SEKOLAH,1,KASUS,2021
575,32,JAWA BARAT,3215,KABUPATEN KARAWANG,FASILITAS UMUM,1,KASUS,2021
576,32,JAWA BARAT,3215,KABUPATEN KARAWANG,LEMBAGA PENDIDIKAN KILAT,0,KASUS,2021
577,32,JAWA BARAT,3216,KABUPATEN BEKASI,RUMAH TANGGA,80,KASUS,2021
578,32,JAWA BARAT,3216,KABUPATEN BEKASI,TEMPAT KERJA,0,KASUS,2021
579,32,JAWA BARAT,3216,KABUPATEN BEKASI,LAINNYA,18,KASUS,2021
580,32,JAWA BARAT,3216,KABUPATEN BEKASI,SEKOLAH,6,KASUS,2021
581,32,JAWA BARAT,3216,KABUPATEN BEKASI,FASILITAS UMUM,14,KASUS,2021
582,32,JAWA BARAT,3216,KABUPATEN BEKASI,LEMBAGA PENDIDIKAN KILAT,0,KASUS,2021
583,32,JAWA BARAT,3217,KABUPATEN BANDUNG BARAT,RUMAH TANGGA,12,KASUS,2021
584,32,JAWA BARAT,3217,KABUPATEN BANDUNG BARAT,TEMPAT KERJA,0,KASUS,2021
585,32,JAWA BARAT,3217,KABUPATEN BANDUNG BARAT,LAINNYA,21,KASUS,2021
586,32,JAWA BARAT,3217,KABUPATEN BANDUNG BARAT,SEKOLAH,3,KASUS,2021
587,32,JAWA BARAT,3217,KABUPATEN BANDUNG BARAT,FASILITAS UMUM,0,KASUS,2021
588,32,JAWA BARAT,3217,KABUPATEN BANDUNG BARAT,LEMBAGA PENDIDIKAN KILAT,0,KASUS,2021
589,32,JAWA BARAT,3218,KABUPATEN PANGANDARAN,RUMAH TANGGA,13,KASUS,2021
590,32,JAWA BARAT,3218,KABUPATEN PANGANDARAN,TEMPAT KERJA,0,KASUS,2021
591,32,JAWA BARAT,3218,KABUPATEN PANGANDARAN,LAINNYA,11,KASUS,2021
592,32,JAWA BARAT,3218,KABUPATEN PANGANDARAN,SEKOLAH,0,KASUS,2021
593,32,JAWA BARAT,3218,KABUPATEN PANGANDARAN,FASILITAS UMUM,2,KASUS,2021
594,32,JAWA BARAT,3218,KABUPATEN PANGANDARAN,LEMBAGA PENDIDIKAN KILAT,0,KASUS,2021
595,32,JAWA BARAT,3271,KOTA BOGOR,RUMAH TANGGA,7,KASUS,2021
596,32,JAWA BARAT,3271,KOTA BOGOR,TEMPAT KERJA,0,KASUS,2021
597,32,JAWA BARAT,3271,KOTA BOGOR,LAINNYA,8,KASUS,2021
598,32,JAWA BARAT,3271,KOTA BOGOR,SEKOLAH,1,KASUS,2021
599,32,JAWA BARAT,3271,KOTA BOGOR,FASILITAS UMUM,2,KASUS,2021
600,32,JAWA BARAT,3271,KOTA BOGOR,LEMBAGA PENDIDIKAN KILAT,0,KASUS,2021
601,32,JAWA BARAT,3272,KOTA SUKABUMI,RUMAH TANGGA,23,KASUS,2021
602,32,JAWA BARAT,3272,KOTA SUKABUMI,TEMPAT KERJA,0,KASUS,2021
603,32,JAWA BARAT,3272,KOTA SUKABUMI,LAINNYA,22,KASUS,2021
604,32,JAWA BARAT,3272,KOTA SUKABUMI,SEKOLAH,3,KASUS,2021
605,32,JAWA BARAT,3272,KOTA SUKABUMI,FASILITAS UMUM,13,KASUS,2021
606,32,JAWA BARAT,3272,KOTA SUKABUMI,LEMBAGA PENDIDIKAN KILAT,0,KASUS,2021
607,32,JAWA BARAT,3273,KOTA BANDUNG,RUMAH TANGGA,3,KASUS,2021
608,32,JAWA BARAT,3273,KOTA BANDUNG,TEMPAT KERJA,0,KASUS,2021
609,32,JAWA BARAT,3273,KOTA BANDUNG,LAINNYA,2,KASUS,2021
610,32,JAWA BARAT,3273,KOTA BANDUNG,SEKOLAH,0,KASUS,2021
611,32,JAWA BARAT,3273,KOTA BANDUNG,FASILITAS UMUM,0,KASUS,2021
612,32,JAWA BARAT,3273,KOTA BANDUNG,LEMBAGA PENDIDIKAN KILAT,0,KASUS,2021
613,32,JAWA BARAT,3274,KOTA CIREBON,RUMAH TANGGA,9,KASUS,2021
614,32,JAWA BARAT,3274,KOTA CIREBON,TEMPAT KERJA,1,KASUS,2021
615,32,JAWA BARAT,3274,KOTA CIREBON,LAINNYA,75,KASUS,2021
616,32,JAWA BARAT,3274,KOTA CIREBON,SEKOLAH,0,KASUS,2021
617,32,JAWA BARAT,3274,KOTA CIREBON,FASILITAS UMUM,3,KASUS,2021
618,32,JAWA BARAT,3274,KOTA CIREBON,LEMBAGA PENDIDIKAN KILAT,0,KASUS,2021
619,32,JAWA BARAT,3275,KOTA BEKASI,RUMAH TANGGA,0,KASUS,2021
620,32,JAWA BARAT,3275,KOTA BEKASI,TEMPAT KERJA,0,KASUS,2021
621,32,JAWA BARAT,3275,KOTA BEKASI,LAINNYA,30,KASUS,2021
622,32,JAWA BARAT,3275,KOTA BEKASI,SEKOLAH,1,KASUS,2021
623,32,JAWA BARAT,3275,KOTA BEKASI,FASILITAS UMUM,4,KASUS,2021
624,32,JAWA BARAT,3275,KOTA BEKASI,LEMBAGA PENDIDIKAN KILAT,0,KASUS,2021
625,32,JAWA BARAT,3276,KOTA DEPOK,RUMAH TANGGA,2,KASUS,2021
626,32,JAWA BARAT,3276,KOTA DEPOK,TEMPAT KERJA,0,KASUS,2021
627,32,JAWA BARAT,3276,KOTA DEPOK,LAINNYA,8,KASUS,2021
628,32,JAWA BARAT,3276,KOTA DEPOK,SEKOLAH,0,KASUS,2021
629,32,JAWA BARAT,3276,KOTA DEPOK,FASILITAS UMUM,3,KASUS,2021
630,32,JAWA BARAT,3276,KOTA DEPOK,LEMBAGA PENDIDIKAN KILAT,0,KASUS,2021
631,32,JAWA BARAT,3277,KOTA CIMAHI,RUMAH TANGGA,5,KASUS,2021
632,32,JAWA BARAT,3277,KOTA CIMAHI,TEMPAT KERJA,0,KASUS,2021
633,32,JAWA BARAT,3277,KOTA CIMAHI,LAINNYA,2,KASUS,2021
634,32,JAWA BARAT,3277,KOTA CIMAHI,SEKOLAH,3,KASUS,2021
635,32,JAWA BARAT,3277,KOTA CIMAHI,FASILITAS UMUM,0,KASUS,2021
636,32,JAWA BARAT,3277,KOTA CIMAHI,LEMBAGA PENDIDIKAN KILAT,0,KASUS,2021
637,32,JAWA BARAT,3278,KOTA TASIKMALAYA,RUMAH TANGGA,54,KASUS,2021
638,32,JAWA BARAT,3278,KOTA TASIKMALAYA,TEMPAT KERJA,1,KASUS,2021
639,32,JAWA BARAT,3278,KOTA TASIKMALAYA,LAINNYA,49,KASUS,2021
640,32,JAWA BARAT,3278,KOTA TASIKMALAYA,SEKOLAH,7,KASUS,2021
641,32,JAWA BARAT,3278,KOTA TASIKMALAYA,FASILITAS UMUM,15,KASUS,2021
642,32,JAWA BARAT,3278,KOTA TASIKMALAYA,LEMBAGA PENDIDIKAN KILAT,0,KASUS,2021
643,32,JAWA BARAT,3279,KOTA BANJAR,RUMAH TANGGA,0,KASUS,2021
644,32,JAWA BARAT,3279,KOTA BANJAR,TEMPAT KERJA,0,KASUS,2021
645,32,JAWA BARAT,3279,KOTA BANJAR,LAINNYA,15,KASUS,2021
646,32,JAWA BARAT,3279,KOTA BANJAR,SEKOLAH,0,KASUS,2021
647,32,JAWA BARAT,3279,KOTA BANJAR,FASILITAS UMUM,2,KASUS,2021
648,32,JAWA BARAT,3279,KOTA BANJAR,LEMBAGA PENDIDIKAN KILAT,0,KASUS,2021
649,32,JAWA BARAT,3201,KABUPATEN BOGOR,RUMAH TANGGA,15,KASUS,2022
650,32,JAWA BARAT,3201,KABUPATEN BOGOR,TEMPAT KERJA,0,KASUS,2022
651,32,JAWA BARAT,3201,KABUPATEN BOGOR,LAINNYA,15,KASUS,2022
652,32,JAWA BARAT,3201,KABUPATEN BOGOR,SEKOLAH,2,KASUS,2022
653,32,JAWA BARAT,3201,KABUPATEN BOGOR,FASILITAS UMUM,1,KASUS,2022
654,32,JAWA BARAT,3201,KABUPATEN BOGOR,LEMBAGA PENDIDIKAN KILAT,0,KASUS,2022
655,32,JAWA BARAT,3202,KABUPATEN SUKABUMI,RUMAH TANGGA,34,KASUS,2022
656,32,JAWA BARAT,3202,KABUPATEN SUKABUMI,TEMPAT KERJA,27,KASUS,2022
657,32,JAWA BARAT,3202,KABUPATEN SUKABUMI,LAINNYA,73,KASUS,2022
658,32,JAWA BARAT,3202,KABUPATEN SUKABUMI,SEKOLAH,1,KASUS,2022
659,32,JAWA BARAT,3202,KABUPATEN SUKABUMI,FASILITAS UMUM,3,KASUS,2022
660,32,JAWA BARAT,3202,KABUPATEN SUKABUMI,LEMBAGA PENDIDIKAN KILAT,0,KASUS,2022
661,32,JAWA BARAT,3203,KABUPATEN CIANJUR,RUMAH TANGGA,29,KASUS,2022
662,32,JAWA BARAT,3203,KABUPATEN CIANJUR,TEMPAT KERJA,1,KASUS,2022
663,32,JAWA BARAT,3203,KABUPATEN CIANJUR,LAINNYA,32,KASUS,2022
664,32,JAWA BARAT,3203,KABUPATEN CIANJUR,SEKOLAH,2,KASUS,2022
665,32,JAWA BARAT,3203,KABUPATEN CIANJUR,FASILITAS UMUM,2,KASUS,2022
666,32,JAWA BARAT,3203,KABUPATEN CIANJUR,LEMBAGA PENDIDIKAN KILAT,0,KASUS,2022
667,32,JAWA BARAT,3204,KABUPATEN BANDUNG,RUMAH TANGGA,81,KASUS,2022
668,32,JAWA BARAT,3204,KABUPATEN BANDUNG,TEMPAT KERJA,0,KASUS,2022
669,32,JAWA BARAT,3204,KABUPATEN BANDUNG,LAINNYA,14,KASUS,2022
670,32,JAWA BARAT,3204,KABUPATEN BANDUNG,SEKOLAH,3,KASUS,2022
671,32,JAWA BARAT,3204,KABUPATEN BANDUNG,FASILITAS UMUM,53,KASUS,2022
672,32,JAWA BARAT,3204,KABUPATEN BANDUNG,LEMBAGA PENDIDIKAN KILAT,0,KASUS,2022
673,32,JAWA BARAT,3205,KABUPATEN GARUT,RUMAH TANGGA,2,KASUS,2022
674,32,JAWA BARAT,3205,KABUPATEN GARUT,TEMPAT KERJA,0,KASUS,2022
675,32,JAWA BARAT,3205,KABUPATEN GARUT,LAINNYA,0,KASUS,2022
676,32,JAWA BARAT,3205,KABUPATEN GARUT,SEKOLAH,0,KASUS,2022
677,32,JAWA BARAT,3205,KABUPATEN GARUT,FASILITAS UMUM,0,KASUS,2022
678,32,JAWA BARAT,3205,KABUPATEN GARUT,LEMBAGA PENDIDIKAN KILAT,0,KASUS,2022
679,32,JAWA BARAT,3206,KABUPATEN TASIKMALAYA,RUMAH TANGGA,71,KASUS,2022
680,32,JAWA BARAT,3206,KABUPATEN TASIKMALAYA,TEMPAT KERJA,0,KASUS,2022
681,32,JAWA BARAT,3206,KABUPATEN TASIKMALAYA,LAINNYA,3,KASUS,2022
682,32,JAWA BARAT,3206,KABUPATEN TASIKMALAYA,SEKOLAH,2,KASUS,2022
683,32,JAWA BARAT,3206,KABUPATEN TASIKMALAYA,FASILITAS UMUM,9,KASUS,2022
684,32,JAWA BARAT,3206,KABUPATEN TASIKMALAYA,LEMBAGA PENDIDIKAN KILAT,2,KASUS,2022
685,32,JAWA BARAT,3207,KABUPATEN CIAMIS,RUMAH TANGGA,7,KASUS,2022
686,32,JAWA BARAT,3207,KABUPATEN CIAMIS,TEMPAT KERJA,0,KASUS,2022
687,32,JAWA BARAT,3207,KABUPATEN CIAMIS,LAINNYA,3,KASUS,2022
688,32,JAWA BARAT,3207,KABUPATEN CIAMIS,SEKOLAH,0,KASUS,2022
689,32,JAWA BARAT,3207,KABUPATEN CIAMIS,FASILITAS UMUM,0,KASUS,2022
690,32,JAWA BARAT,3207,KABUPATEN CIAMIS,LEMBAGA PENDIDIKAN KILAT,0,KASUS,2022
691,32,JAWA BARAT,3208,KABUPATEN KUNINGAN,RUMAH TANGGA,12,KASUS,2022
692,32,JAWA BARAT,3208,KABUPATEN KUNINGAN,TEMPAT KERJA,0,KASUS,2022
693,32,JAWA BARAT,3208,KABUPATEN KUNINGAN,LAINNYA,21,KASUS,2022
694,32,JAWA BARAT,3208,KABUPATEN KUNINGAN,SEKOLAH,1,KASUS,2022
695,32,JAWA BARAT,3208,KABUPATEN KUNINGAN,FASILITAS UMUM,2,KASUS,2022
696,32,JAWA BARAT,3208,KABUPATEN KUNINGAN,LEMBAGA PENDIDIKAN KILAT,1,KASUS,2022
697,32,JAWA BARAT,3209,KABUPATEN CIREBON,RUMAH TANGGA,29,KASUS,2022
698,32,JAWA BARAT,3209,KABUPATEN CIREBON,TEMPAT KERJA,1,KASUS,2022
699,32,JAWA BARAT,3209,KABUPATEN CIREBON,LAINNYA,5,KASUS,2022
700,32,JAWA BARAT,3209,KABUPATEN CIREBON,SEKOLAH,1,KASUS,2022
701,32,JAWA BARAT,3209,KABUPATEN CIREBON,FASILITAS UMUM,51,KASUS,2022
702,32,JAWA BARAT,3209,KABUPATEN CIREBON,LEMBAGA PENDIDIKAN KILAT,0,KASUS,2022
703,32,JAWA BARAT,3210,KABUPATEN MAJALENGKA,RUMAH TANGGA,2,KASUS,2022
704,32,JAWA BARAT,3210,KABUPATEN MAJALENGKA,TEMPAT KERJA,0,KASUS,2022
705,32,JAWA BARAT,3210,KABUPATEN MAJALENGKA,LAINNYA,2,KASUS,2022
706,32,JAWA BARAT,3210,KABUPATEN MAJALENGKA,SEKOLAH,0,KASUS,2022
707,32,JAWA BARAT,3210,KABUPATEN MAJALENGKA,FASILITAS UMUM,0,KASUS,2022
708,32,JAWA BARAT,3210,KABUPATEN MAJALENGKA,LEMBAGA PENDIDIKAN KILAT,0,KASUS,2022
709,32,JAWA BARAT,3211,KABUPATEN SUMEDANG,RUMAH TANGGA,10,KASUS,2022
710,32,JAWA BARAT,3211,KABUPATEN SUMEDANG,TEMPAT KERJA,0,KASUS,2022
711,32,JAWA BARAT,3211,KABUPATEN SUMEDANG,LAINNYA,7,KASUS,2022
712,32,JAWA BARAT,3211,KABUPATEN SUMEDANG,SEKOLAH,0,KASUS,2022
713,32,JAWA BARAT,3211,KABUPATEN SUMEDANG,FASILITAS UMUM,2,KASUS,2022
714,32,JAWA BARAT,3211,KABUPATEN SUMEDANG,LEMBAGA PENDIDIKAN KILAT,0,KASUS,2022
715,32,JAWA BARAT,3212,KABUPATEN INDRAMAYU,RUMAH TANGGA,17,KASUS,2022
716,32,JAWA BARAT,3212,KABUPATEN INDRAMAYU,TEMPAT KERJA,3,KASUS,2022
717,32,JAWA BARAT,3212,KABUPATEN INDRAMAYU,LAINNYA,14,KASUS,2022
718,32,JAWA BARAT,3212,KABUPATEN INDRAMAYU,SEKOLAH,0,KASUS,2022
719,32,JAWA BARAT,3212,KABUPATEN INDRAMAYU,FASILITAS UMUM,1,KASUS,2022
720,32,JAWA BARAT,3212,KABUPATEN INDRAMAYU,LEMBAGA PENDIDIKAN KILAT,0,KASUS,2022
721,32,JAWA BARAT,3213,KABUPATEN SUBANG,RUMAH TANGGA,7,KASUS,2022
722,32,JAWA BARAT,3213,KABUPATEN SUBANG,TEMPAT KERJA,0,KASUS,2022
723,32,JAWA BARAT,3213,KABUPATEN SUBANG,LAINNYA,5,KASUS,2022
724,32,JAWA BARAT,3213,KABUPATEN SUBANG,SEKOLAH,0,KASUS,2022
725,32,JAWA BARAT,3213,KABUPATEN SUBANG,FASILITAS UMUM,0,KASUS,2022
726,32,JAWA BARAT,3213,KABUPATEN SUBANG,LEMBAGA PENDIDIKAN KILAT,0,KASUS,2022
727,32,JAWA BARAT,3214,KABUPATEN PURWAKARTA,RUMAH TANGGA,39,KASUS,2022
728,32,JAWA BARAT,3214,KABUPATEN PURWAKARTA,TEMPAT KERJA,4,KASUS,2022
729,32,JAWA BARAT,3214,KABUPATEN PURWAKARTA,LAINNYA,4,KASUS,2022
730,32,JAWA BARAT,3214,KABUPATEN PURWAKARTA,SEKOLAH,3,KASUS,2022
731,32,JAWA BARAT,3214,KABUPATEN PURWAKARTA,FASILITAS UMUM,3,KASUS,2022
732,32,JAWA BARAT,3214,KABUPATEN PURWAKARTA,LEMBAGA PENDIDIKAN KILAT,0,KASUS,2022
733,32,JAWA BARAT,3215,KABUPATEN KARAWANG,RUMAH TANGGA,49,KASUS,2022
734,32,JAWA BARAT,3215,KABUPATEN KARAWANG,TEMPAT KERJA,1,KASUS,2022
735,32,JAWA BARAT,3215,KABUPATEN KARAWANG,LAINNYA,56,KASUS,2022
736,32,JAWA BARAT,3215,KABUPATEN KARAWANG,SEKOLAH,4,KASUS,2022
737,32,JAWA BARAT,3215,KABUPATEN KARAWANG,FASILITAS UMUM,1,KASUS,2022
738,32,JAWA BARAT,3215,KABUPATEN KARAWANG,LEMBAGA PENDIDIKAN KILAT,0,KASUS,2022
739,32,JAWA BARAT,3216,KABUPATEN BEKASI,RUMAH TANGGA,150,KASUS,2022
740,32,JAWA BARAT,3216,KABUPATEN BEKASI,TEMPAT KERJA,1,KASUS,2022
741,32,JAWA BARAT,3216,KABUPATEN BEKASI,LAINNYA,11,KASUS,2022
742,32,JAWA BARAT,3216,KABUPATEN BEKASI,SEKOLAH,5,KASUS,2022
743,32,JAWA BARAT,3216,KABUPATEN BEKASI,FASILITAS UMUM,8,KASUS,2022
744,32,JAWA BARAT,3216,KABUPATEN BEKASI,LEMBAGA PENDIDIKAN KILAT,0,KASUS,2022
745,32,JAWA BARAT,3217,KABUPATEN BANDUNG BARAT,RUMAH TANGGA,38,KASUS,2022
746,32,JAWA BARAT,3217,KABUPATEN BANDUNG BARAT,TEMPAT KERJA,1,KASUS,2022
747,32,JAWA BARAT,3217,KABUPATEN BANDUNG BARAT,LAINNYA,4,KASUS,2022
748,32,JAWA BARAT,3217,KABUPATEN BANDUNG BARAT,SEKOLAH,0,KASUS,2022
749,32,JAWA BARAT,3217,KABUPATEN BANDUNG BARAT,FASILITAS UMUM,1,KASUS,2022
750,32,JAWA BARAT,3217,KABUPATEN BANDUNG BARAT,LEMBAGA PENDIDIKAN KILAT,0,KASUS,2022
751,32,JAWA BARAT,3218,KABUPATEN PANGANDARAN,RUMAH TANGGA,8,KASUS,2022
752,32,JAWA BARAT,3218,KABUPATEN PANGANDARAN,TEMPAT KERJA,0,KASUS,2022
753,32,JAWA BARAT,3218,KABUPATEN PANGANDARAN,LAINNYA,12,KASUS,2022
754,32,JAWA BARAT,3218,KABUPATEN PANGANDARAN,SEKOLAH,0,KASUS,2022
755,32,JAWA BARAT,3218,KABUPATEN PANGANDARAN,FASILITAS UMUM,1,KASUS,2022
756,32,JAWA BARAT,3218,KABUPATEN PANGANDARAN,LEMBAGA PENDIDIKAN KILAT,0,KASUS,2022
757,32,JAWA BARAT,3271,KOTA BOGOR,RUMAH TANGGA,68,KASUS,2022
758,32,JAWA BARAT,3271,KOTA BOGOR,TEMPAT KERJA,0,KASUS,2022
759,32,JAWA BARAT,3271,KOTA BOGOR,LAINNYA,29,KASUS,2022
760,32,JAWA BARAT,3271,KOTA BOGOR,SEKOLAH,4,KASUS,2022
761,32,JAWA BARAT,3271,KOTA BOGOR,FASILITAS UMUM,8,KASUS,2022
762,32,JAWA BARAT,3271,KOTA BOGOR,LEMBAGA PENDIDIKAN KILAT,0,KASUS,2022
763,32,JAWA BARAT,3272,KOTA SUKABUMI,RUMAH TANGGA,27,KASUS,2022
764,32,JAWA BARAT,3272,KOTA SUKABUMI,TEMPAT KERJA,1,KASUS,2022
765,32,JAWA BARAT,3272,KOTA SUKABUMI,LAINNYA,6,KASUS,2022
766,32,JAWA BARAT,3272,KOTA SUKABUMI,SEKOLAH,8,KASUS,2022
767,32,JAWA BARAT,3272,KOTA SUKABUMI,FASILITAS UMUM,0,KASUS,2022
768,32,JAWA BARAT,3272,KOTA SUKABUMI,LEMBAGA PENDIDIKAN KILAT,1,KASUS,2022
769,32,JAWA BARAT,3273,KOTA BANDUNG,RUMAH TANGGA,227,KASUS,2022
770,32,JAWA BARAT,3273,KOTA BANDUNG,TEMPAT KERJA,6,KASUS,2022
771,32,JAWA BARAT,3273,KOTA BANDUNG,LAINNYA,116,KASUS,2022
772,32,JAWA BARAT,3273,KOTA BANDUNG,SEKOLAH,13,KASUS,2022
773,32,JAWA BARAT,3273,KOTA BANDUNG,FASILITAS UMUM,27,KASUS,2022
774,32,JAWA BARAT,3273,KOTA BANDUNG,LEMBAGA PENDIDIKAN KILAT,0,KASUS,2022
775,32,JAWA BARAT,3274,KOTA CIREBON,RUMAH TANGGA,2,KASUS,2022
776,32,JAWA BARAT,3274,KOTA CIREBON,TEMPAT KERJA,0,KASUS,2022
777,32,JAWA BARAT,3274,KOTA CIREBON,LAINNYA,0,KASUS,2022
778,32,JAWA BARAT,3274,KOTA CIREBON,SEKOLAH,0,KASUS,2022
779,32,JAWA BARAT,3274,KOTA CIREBON,FASILITAS UMUM,0,KASUS,2022
780,32,JAWA BARAT,3274,KOTA CIREBON,LEMBAGA PENDIDIKAN KILAT,0,KASUS,2022
781,32,JAWA BARAT,3275,KOTA BEKASI,RUMAH TANGGA,3,KASUS,2022
782,32,JAWA BARAT,3275,KOTA BEKASI,TEMPAT KERJA,0,KASUS,2022
783,32,JAWA BARAT,3275,KOTA BEKASI,LAINNYA,1,KASUS,2022
784,32,JAWA BARAT,3275,KOTA BEKASI,SEKOLAH,0,KASUS,2022
785,32,JAWA BARAT,3275,KOTA BEKASI,FASILITAS UMUM,1,KASUS,2022
786,32,JAWA BARAT,3275,KOTA BEKASI,LEMBAGA PENDIDIKAN KILAT,0,KASUS,2022
787,32,JAWA BARAT,3276,KOTA DEPOK,RUMAH TANGGA,147,KASUS,2022
788,32,JAWA BARAT,3276,KOTA DEPOK,TEMPAT KERJA,5,KASUS,2022
789,32,JAWA BARAT,3276,KOTA DEPOK,LAINNYA,76,KASUS,2022
790,32,JAWA BARAT,3276,KOTA DEPOK,SEKOLAH,10,KASUS,2022
791,32,JAWA BARAT,3276,KOTA DEPOK,FASILITAS UMUM,2,KASUS,2022
792,32,JAWA BARAT,3276,KOTA DEPOK,LEMBAGA PENDIDIKAN KILAT,0,KASUS,2022
793,32,JAWA BARAT,3277,KOTA CIMAHI,RUMAH TANGGA,25,KASUS,2022
794,32,JAWA BARAT,3277,KOTA CIMAHI,TEMPAT KERJA,0,KASUS,2022
795,32,JAWA BARAT,3277,KOTA CIMAHI,LAINNYA,8,KASUS,2022
796,32,JAWA BARAT,3277,KOTA CIMAHI,SEKOLAH,3,KASUS,2022
797,32,JAWA BARAT,3277,KOTA CIMAHI,FASILITAS UMUM,1,KASUS,2022
798,32,JAWA BARAT,3277,KOTA CIMAHI,LEMBAGA PENDIDIKAN KILAT,0,KASUS,2022
799,32,JAWA BARAT,3278,KOTA TASIKMALAYA,RUMAH TANGGA,3,KASUS,2022
800,32,JAWA BARAT,3278,KOTA TASIKMALAYA,TEMPAT KERJA,0,KASUS,2022
801,32,JAWA BARAT,3278,KOTA TASIKMALAYA,LAINNYA,1,KASUS,2022
802,32,JAWA BARAT,3278,KOTA TASIKMALAYA,SEKOLAH,2,KASUS,2022
803,32,JAWA BARAT,3278,KOTA TASIKMALAYA,FASILITAS UMUM,2,KASUS,2022
804,32,JAWA BARAT,3278,KOTA TASIKMALAYA,LEMBAGA PENDIDIKAN KILAT,0,KASUS,2022
805,32,JAWA BARAT,3279,KOTA BANJAR,RUMAH TANGGA,1,KASUS,2022
806,32,JAWA BARAT,3279,KOTA BANJAR,TEMPAT KERJA,0,KASUS,2022
807,32,JAWA BARAT,3279,KOTA BANJAR,LAINNYA,0,KASUS,2022
808,32,JAWA BARAT,3279,KOTA BANJAR,SEKOLAH,0,KASUS,2022
809,32,JAWA BARAT,3279,KOTA BANJAR,FASILITAS UMUM,0,KASUS,2022
810,32,JAWA BARAT,3279,KOTA BANJAR,LEMBAGA PENDIDIKAN KILAT,0,KASUS,2022
811,32,JAWA BARAT,3201,KABUPATEN BOGOR,RUMAH TANGGA,28,KASUS,2023
812,32,JAWA BARAT,3201,KABUPATEN BOGOR,TEMPAT KERJA,0,KASUS,2023
813,32,JAWA BARAT,3201,KABUPATEN BOGOR,LAINNYA,37,KASUS,2023
814,32,JAWA BARAT,3201,KABUPATEN BOGOR,SEKOLAH,6,KASUS,2023
815,32,JAWA BARAT,3201,KABUPATEN BOGOR,FASILITAS UMUM,1,KASUS,2023
816,32,JAWA BARAT,3201,KABUPATEN BOGOR,LEMBAGA PENDIDIKAN KILAT,0,KASUS,2023
817,32,JAWA BARAT,3202,KABUPATEN SUKABUMI,RUMAH TANGGA,28,KASUS,2023
818,32,JAWA BARAT,3202,KABUPATEN SUKABUMI,TEMPAT KERJA,45,KASUS,2023
819,32,JAWA BARAT,3202,KABUPATEN SUKABUMI,LAINNYA,168,KASUS,2023
820,32,JAWA BARAT,3202,KABUPATEN SUKABUMI,SEKOLAH,11,KASUS,2023
821,32,JAWA BARAT,3202,KABUPATEN SUKABUMI,FASILITAS UMUM,3,KASUS,2023
822,32,JAWA BARAT,3202,KABUPATEN SUKABUMI,LEMBAGA PENDIDIKAN KILAT,0,KASUS,2023
823,32,JAWA BARAT,3203,KABUPATEN CIANJUR,RUMAH TANGGA,83,KASUS,2023
824,32,JAWA BARAT,3203,KABUPATEN CIANJUR,TEMPAT KERJA,6,KASUS,2023
825,32,JAWA BARAT,3203,KABUPATEN CIANJUR,LAINNYA,17,KASUS,2023
826,32,JAWA BARAT,3203,KABUPATEN CIANJUR,SEKOLAH,6,KASUS,2023
827,32,JAWA BARAT,3203,KABUPATEN CIANJUR,FASILITAS UMUM,27,KASUS,2023
828,32,JAWA BARAT,3203,KABUPATEN CIANJUR,LEMBAGA PENDIDIKAN KILAT,0,KASUS,2023
829,32,JAWA BARAT,3204,KABUPATEN BANDUNG,RUMAH TANGGA,89,KASUS,2023
830,32,JAWA BARAT,3204,KABUPATEN BANDUNG,TEMPAT KERJA,0,KASUS,2023
831,32,JAWA BARAT,3204,KABUPATEN BANDUNG,LAINNYA,2,KASUS,2023
832,32,JAWA BARAT,3204,KABUPATEN BANDUNG,SEKOLAH,7,KASUS,2023
833,32,JAWA BARAT,3204,KABUPATEN BANDUNG,FASILITAS UMUM,44,KASUS,2023
834,32,JAWA BARAT,3204,KABUPATEN BANDUNG,LEMBAGA PENDIDIKAN KILAT,0,KASUS,2023
835,32,JAWA BARAT,3205,KABUPATEN GARUT,RUMAH TANGGA,111,KASUS,2023
836,32,JAWA BARAT,3205,KABUPATEN GARUT,TEMPAT KERJA,1,KASUS,2023
837,32,JAWA BARAT,3205,KABUPATEN GARUT,LAINNYA,15,KASUS,2023
838,32,JAWA BARAT,3205,KABUPATEN GARUT,SEKOLAH,2,KASUS,2023
839,32,JAWA BARAT,3205,KABUPATEN GARUT,FASILITAS UMUM,4,KASUS,2023
840,32,JAWA BARAT,3205,KABUPATEN GARUT,LEMBAGA PENDIDIKAN KILAT,0,KASUS,2023
841,32,JAWA BARAT,3206,KABUPATEN TASIKMALAYA,RUMAH TANGGA,138,KASUS,2023
842,32,JAWA BARAT,3206,KABUPATEN TASIKMALAYA,TEMPAT KERJA,0,KASUS,2023
843,32,JAWA BARAT,3206,KABUPATEN TASIKMALAYA,LAINNYA,2,KASUS,2023
844,32,JAWA BARAT,3206,KABUPATEN TASIKMALAYA,SEKOLAH,5,KASUS,2023
845,32,JAWA BARAT,3206,KABUPATEN TASIKMALAYA,FASILITAS UMUM,10,KASUS,2023
846,32,JAWA BARAT,3206,KABUPATEN TASIKMALAYA,LEMBAGA PENDIDIKAN KILAT,4,KASUS,2023
847,32,JAWA BARAT,3207,KABUPATEN CIAMIS,RUMAH TANGGA,12,KASUS,2023
848,32,JAWA BARAT,3207,KABUPATEN CIAMIS,TEMPAT KERJA,0,KASUS,2023
849,32,JAWA BARAT,3207,KABUPATEN CIAMIS,LAINNYA,2,KASUS,2023
850,32,JAWA BARAT,3207,KABUPATEN CIAMIS,SEKOLAH,13,KASUS,2023
851,32,JAWA BARAT,3207,KABUPATEN CIAMIS,FASILITAS UMUM,8,KASUS,2023
852,32,JAWA BARAT,3207,KABUPATEN CIAMIS,LEMBAGA PENDIDIKAN KILAT,0,KASUS,2023
853,32,JAWA BARAT,3208,KABUPATEN KUNINGAN,RUMAH TANGGA,43,KASUS,2023
854,32,JAWA BARAT,3208,KABUPATEN KUNINGAN,TEMPAT KERJA,2,KASUS,2023
855,32,JAWA BARAT,3208,KABUPATEN KUNINGAN,LAINNYA,51,KASUS,2023
856,32,JAWA BARAT,3208,KABUPATEN KUNINGAN,SEKOLAH,12,KASUS,2023
857,32,JAWA BARAT,3208,KABUPATEN KUNINGAN,FASILITAS UMUM,9,KASUS,2023
858,32,JAWA BARAT,3208,KABUPATEN KUNINGAN,LEMBAGA PENDIDIKAN KILAT,0,KASUS,2023
859,32,JAWA BARAT,3209,KABUPATEN CIREBON,RUMAH TANGGA,81,KASUS,2023
860,32,JAWA BARAT,3209,KABUPATEN CIREBON,TEMPAT KERJA,3,KASUS,2023
861,32,JAWA BARAT,3209,KABUPATEN CIREBON,LAINNYA,3,KASUS,2023
862,32,JAWA BARAT,3209,KABUPATEN CIREBON,SEKOLAH,8,KASUS,2023
863,32,JAWA BARAT,3209,KABUPATEN CIREBON,FASILITAS UMUM,14,KASUS,2023
864,32,JAWA BARAT,3209,KABUPATEN CIREBON,LEMBAGA PENDIDIKAN KILAT,0,KASUS,2023
865,32,JAWA BARAT,3210,KABUPATEN MAJALENGKA,RUMAH TANGGA,12,KASUS,2023
866,32,JAWA BARAT,3210,KABUPATEN MAJALENGKA,TEMPAT KERJA,0,KASUS,2023
867,32,JAWA BARAT,3210,KABUPATEN MAJALENGKA,LAINNYA,6,KASUS,2023
868,32,JAWA BARAT,3210,KABUPATEN MAJALENGKA,SEKOLAH,0,KASUS,2023
869,32,JAWA BARAT,3210,KABUPATEN MAJALENGKA,FASILITAS UMUM,0,KASUS,2023
870,32,JAWA BARAT,3210,KABUPATEN MAJALENGKA,LEMBAGA PENDIDIKAN KILAT,0,KASUS,2023
871,32,JAWA BARAT,3211,KABUPATEN SUMEDANG,RUMAH TANGGA,30,KASUS,2023
872,32,JAWA BARAT,3211,KABUPATEN SUMEDANG,TEMPAT KERJA,0,KASUS,2023
873,32,JAWA BARAT,3211,KABUPATEN SUMEDANG,LAINNYA,18,KASUS,2023
874,32,JAWA BARAT,3211,KABUPATEN SUMEDANG,SEKOLAH,0,KASUS,2023
875,32,JAWA BARAT,3211,KABUPATEN SUMEDANG,FASILITAS UMUM,1,KASUS,2023
876,32,JAWA BARAT,3211,KABUPATEN SUMEDANG,LEMBAGA PENDIDIKAN KILAT,0,KASUS,2023
877,32,JAWA BARAT,3212,KABUPATEN INDRAMAYU,RUMAH TANGGA,44,KASUS,2023
878,32,JAWA BARAT,3212,KABUPATEN INDRAMAYU,TEMPAT KERJA,3,KASUS,2023
879,32,JAWA BARAT,3212,KABUPATEN INDRAMAYU,LAINNYA,9,KASUS,2023
880,32,JAWA BARAT,3212,KABUPATEN INDRAMAYU,SEKOLAH,1,KASUS,2023
881,32,JAWA BARAT,3212,KABUPATEN INDRAMAYU,FASILITAS UMUM,18,KASUS,2023
882,32,JAWA BARAT,3212,KABUPATEN INDRAMAYU,LEMBAGA PENDIDIKAN KILAT,0,KASUS,2023
883,32,JAWA BARAT,3213,KABUPATEN SUBANG,RUMAH TANGGA,66,KASUS,2023
884,32,JAWA BARAT,3213,KABUPATEN SUBANG,TEMPAT KERJA,2,KASUS,2023
885,32,JAWA BARAT,3213,KABUPATEN SUBANG,LAINNYA,20,KASUS,2023
886,32,JAWA BARAT,3213,KABUPATEN SUBANG,SEKOLAH,4,KASUS,2023
887,32,JAWA BARAT,3213,KABUPATEN SUBANG,FASILITAS UMUM,10,KASUS,2023
888,32,JAWA BARAT,3213,KABUPATEN SUBANG,LEMBAGA PENDIDIKAN KILAT,0,KASUS,2023
889,32,JAWA BARAT,3214,KABUPATEN PURWAKARTA,RUMAH TANGGA,20,KASUS,2023
890,32,JAWA BARAT,3214,KABUPATEN PURWAKARTA,TEMPAT KERJA,1,KASUS,2023
891,32,JAWA BARAT,3214,KABUPATEN PURWAKARTA,LAINNYA,5,KASUS,2023
892,32,JAWA BARAT,3214,KABUPATEN PURWAKARTA,SEKOLAH,2,KASUS,2023
893,32,JAWA BARAT,3214,KABUPATEN PURWAKARTA,FASILITAS UMUM,6,KASUS,2023
894,32,JAWA BARAT,3214,KABUPATEN PURWAKARTA,LEMBAGA PENDIDIKAN KILAT,0,KASUS,2023
895,32,JAWA BARAT,3215,KABUPATEN KARAWANG,RUMAH TANGGA,62,KASUS,2023
896,32,JAWA BARAT,3215,KABUPATEN KARAWANG,TEMPAT KERJA,5,KASUS,2023
897,32,JAWA BARAT,3215,KABUPATEN KARAWANG,LAINNYA,39,KASUS,2023
898,32,JAWA BARAT,3215,KABUPATEN KARAWANG,SEKOLAH,20,KASUS,2023
899,32,JAWA BARAT,3215,KABUPATEN KARAWANG,FASILITAS UMUM,3,KASUS,2023
900,32,JAWA BARAT,3215,KABUPATEN KARAWANG,LEMBAGA PENDIDIKAN KILAT,0,KASUS,2023
901,32,JAWA BARAT,3216,KABUPATEN BEKASI,RUMAH TANGGA,184,KASUS,2023
902,32,JAWA BARAT,3216,KABUPATEN BEKASI,TEMPAT KERJA,4,KASUS,2023
903,32,JAWA BARAT,3216,KABUPATEN BEKASI,LAINNYA,129,KASUS,2023
904,32,JAWA BARAT,3216,KABUPATEN BEKASI,SEKOLAH,21,KASUS,2023
905,32,JAWA BARAT,3216,KABUPATEN BEKASI,FASILITAS UMUM,6,KASUS,2023
906,32,JAWA BARAT,3216,KABUPATEN BEKASI,LEMBAGA PENDIDIKAN KILAT,6,KASUS,2023
907,32,JAWA BARAT,3217,KABUPATEN BANDUNG BARAT,RUMAH TANGGA,54,KASUS,2023
908,32,JAWA BARAT,3217,KABUPATEN BANDUNG BARAT,TEMPAT KERJA,2,KASUS,2023
909,32,JAWA BARAT,3217,KABUPATEN BANDUNG BARAT,LAINNYA,4,KASUS,2023
910,32,JAWA BARAT,3217,KABUPATEN BANDUNG BARAT,SEKOLAH,0,KASUS,2023
911,32,JAWA BARAT,3217,KABUPATEN BANDUNG BARAT,FASILITAS UMUM,0,KASUS,2023
912,32,JAWA BARAT,3217,KABUPATEN BANDUNG BARAT,LEMBAGA PENDIDIKAN KILAT,0,KASUS,2023
913,32,JAWA BARAT,3218,KABUPATEN PANGANDARAN,RUMAH TANGGA,17,KASUS,2023
914,32,JAWA BARAT,3218,KABUPATEN PANGANDARAN,TEMPAT KERJA,0,KASUS,2023
915,32,JAWA BARAT,3218,KABUPATEN PANGANDARAN,LAINNYA,15,KASUS,2023
916,32,JAWA BARAT,3218,KABUPATEN PANGANDARAN,SEKOLAH,0,KASUS,2023
917,32,JAWA BARAT,3218,KABUPATEN PANGANDARAN,FASILITAS UMUM,1,KASUS,2023
918,32,JAWA BARAT,3218,KABUPATEN PANGANDARAN,LEMBAGA PENDIDIKAN KILAT,0,KASUS,2023
919,32,JAWA BARAT,3271,KOTA BOGOR,RUMAH TANGGA,58,KASUS,2023
920,32,JAWA BARAT,3271,KOTA BOGOR,TEMPAT KERJA,1,KASUS,2023
921,32,JAWA BARAT,3271,KOTA BOGOR,LAINNYA,24,KASUS,2023
922,32,JAWA BARAT,3271,KOTA BOGOR,SEKOLAH,4,KASUS,2023
923,32,JAWA BARAT,3271,KOTA BOGOR,FASILITAS UMUM,23,KASUS,2023
924,32,JAWA BARAT,3271,KOTA BOGOR,LEMBAGA PENDIDIKAN KILAT,0,KASUS,2023
925,32,JAWA BARAT,3272,KOTA SUKABUMI,RUMAH TANGGA,55,KASUS,2023
926,32,JAWA BARAT,3272,KOTA SUKABUMI,TEMPAT KERJA,2,KASUS,2023
927,32,JAWA BARAT,3272,KOTA SUKABUMI,LAINNYA,18,KASUS,2023
928,32,JAWA BARAT,3272,KOTA SUKABUMI,SEKOLAH,20,KASUS,2023
929,32,JAWA BARAT,3272,KOTA SUKABUMI,FASILITAS UMUM,8,KASUS,2023
930,32,JAWA BARAT,3272,KOTA SUKABUMI,LEMBAGA PENDIDIKAN KILAT,0,KASUS,2023
931,32,JAWA BARAT,3273,KOTA BANDUNG,RUMAH TANGGA,231,KASUS,2023
932,32,JAWA BARAT,3273,KOTA BANDUNG,TEMPAT KERJA,3,KASUS,2023
933,32,JAWA BARAT,3273,KOTA BANDUNG,LAINNYA,166,KASUS,2023
934,32,JAWA BARAT,3273,KOTA BANDUNG,SEKOLAH,22,KASUS,2023
935,32,JAWA BARAT,3273,KOTA BANDUNG,FASILITAS UMUM,32,KASUS,2023
936,32,JAWA BARAT,3273,KOTA BANDUNG,LEMBAGA PENDIDIKAN KILAT,0,KASUS,2023
937,32,JAWA BARAT,3274,KOTA CIREBON,RUMAH TANGGA,14,KASUS,2023
938,32,JAWA BARAT,3274,KOTA CIREBON,TEMPAT KERJA,0,KASUS,2023
939,32,JAWA BARAT,3274,KOTA CIREBON,LAINNYA,0,KASUS,2023
940,32,JAWA BARAT,3274,KOTA CIREBON,SEKOLAH,0,KASUS,2023
941,32,JAWA BARAT,3274,KOTA CIREBON,FASILITAS UMUM,0,KASUS,2023
942,32,JAWA BARAT,3274,KOTA CIREBON,LEMBAGA PENDIDIKAN KILAT,0,KASUS,2023
943,32,JAWA BARAT,3275,KOTA BEKASI,RUMAH TANGGA,0,KASUS,2023
944,32,JAWA BARAT,3275,KOTA BEKASI,TEMPAT KERJA,0,KASUS,2023
945,32,JAWA BARAT,3275,KOTA BEKASI,LAINNYA,0,KASUS,2023
946,32,JAWA BARAT,3275,KOTA BEKASI,SEKOLAH,0,KASUS,2023
947,32,JAWA BARAT,3275,KOTA BEKASI,FASILITAS UMUM,0,KASUS,2023
948,32,JAWA BARAT,3275,KOTA BEKASI,LEMBAGA PENDIDIKAN KILAT,0,KASUS,2023
949,32,JAWA BARAT,3276,KOTA DEPOK,RUMAH TANGGA,130,KASUS,2023
950,32,JAWA BARAT,3276,KOTA DEPOK,TEMPAT KERJA,2,KASUS,2023
951,32,JAWA BARAT,3276,KOTA DEPOK,LAINNYA,58,KASUS,2023
952,32,JAWA BARAT,3276,KOTA DEPOK,SEKOLAH,12,KASUS,2023
953,32,JAWA BARAT,3276,KOTA DEPOK,FASILITAS UMUM,3,KASUS,2023
954,32,JAWA BARAT,3276,KOTA DEPOK,LEMBAGA PENDIDIKAN KILAT,0,KASUS,2023
955,32,JAWA BARAT,3277,KOTA CIMAHI,RUMAH TANGGA,37,KASUS,2023
956,32,JAWA BARAT,3277,KOTA CIMAHI,TEMPAT KERJA,0,KASUS,2023
957,32,JAWA BARAT,3277,KOTA CIMAHI,LAINNYA,19,KASUS,2023
958,32,JAWA BARAT,3277,KOTA CIMAHI,SEKOLAH,6,KASUS,2023
959,32,JAWA BARAT,3277,KOTA CIMAHI,FASILITAS UMUM,3,KASUS,2023
960,32,JAWA BARAT,3277,KOTA CIMAHI,LEMBAGA PENDIDIKAN KILAT,0,KASUS,2023
961,32,JAWA BARAT,3278,KOTA TASIKMALAYA,RUMAH TANGGA,3,KASUS,2023
962,32,JAWA BARAT,3278,KOTA TASIKMALAYA,TEMPAT KERJA,1,KASUS,2023
963,32,JAWA BARAT,3278,KOTA TASIKMALAYA,LAINNYA,4,KASUS,2023
964,32,JAWA BARAT,3278,KOTA TASIKMALAYA,SEKOLAH,0,KASUS,2023
965,32,JAWA BARAT,3278,KOTA TASIKMALAYA,FASILITAS UMUM,0,KASUS,2023
966,32,JAWA BARAT,3278,KOTA TASIKMALAYA,LEMBAGA PENDIDIKAN KILAT,0,KASUS,2023
967,32,JAWA BARAT,3279,KOTA BANJAR,RUMAH TANGGA,1,KASUS,2023
968,32,JAWA BARAT,3279,KOTA BANJAR,TEMPAT KERJA,0,KASUS,2023
969,32,JAWA BARAT,3279,KOTA BANJAR,LAINNYA,4,KASUS,2023
970,32,JAWA BARAT,3279,KOTA BANJAR,SEKOLAH,0,KASUS,2023
971,32,JAWA BARAT,3279,KOTA BANJAR,FASILITAS UMUM,0,KASUS,2023
972,32,JAWA BARAT,3279,KOTA BANJAR,LEMBAGA PENDIDIKAN KILAT,0,KASUS,2023
